Date,Close,High,Low,Open,Volume
2021-07-26,1396.9527587890625,1403.7027953972172,1388.4171860985402,1388.4171860985402,4586710
2021-07-27,1395.7772216796875,1401.6562868940487,1391.727177712481,1397.9110620813844,5892859
2021-07-28,1398.4334716796875,1400.1754167381625,1380.9269451059924,1397.9979854150688,4686788
2021-07-29,1408.362548828125,1410.9754663584183,1393.643092143495,1393.643092143495,4660873
2021-07-30,1402.7010498046875,1413.9366150254957,1398.9123411297298,1402.2655636048103,6234257
2021-08-02,1421.0352783203125,1423.8223478971256,1410.278682485059,1417.4642058801662,5553389
2021-08-03,1441.6337890625,1444.6387082912352,1424.5627475551084,1434.4918563493748,5513668
2021-08-04,1436.451416015625,1463.146744783546,1427.5675389174712,1453.7401991220645,6740391
2021-08-05,1440.19677734375,1451.0403436262031,1434.5354554748603,1436.6692958051754,5420536
2021-08-06,1437.2786865234375,1446.380412367593,1431.8786998912153,1443.2013416786763,3754855
2021-08-09,1448.6885986328125,1452.3030494440573,1433.9691421507919,1446.6853193592076,5018477
2021-08-10,1460.8385009765625,1463.2336751471903,1446.7287902084508,1452.782006038996,6846517
2021-08-11,1461.099853515625,1466.7175832036262,1452.7820242183186,1458.7046793150253,4899639
2021-08-12,1471.594970703125,1477.6047016288974,1458.0078222969491,1462.4933514969034,5659579
2021-08-13,1491.279052734375,1500.2501118966013,1473.0758127751071,1478.0403134331104,5612790
2021-08-16,1484.4854736328125,1498.0290315167445,1472.0305249977998,1487.359618942514,4564109
2021-08-17,1516.9293212890625,1523.2438721030503,1468.9387563667328,1484.0501084300226,9510390
2021-08-18,1509.7869873046875,1528.9919702738412,1504.1692581389484,1505.9112028501688,6686090
2021-08-20,1509.3516845703125,1519.8469452589354,1494.6758198585792,1494.6758198585792,6206972
2021-08-23,1514.4034423828125,1526.9454677131089,1508.5243779767254,1511.790524868996,6189051
2021-08-24,1498.8131103515625,1530.2987896960838,1491.7146627153454,1524.2019817690077,7602939
2021-08-25,1511.6163330078125,1521.5018494102508,1496.3307234273852,1496.3307234273852,6153253
2021-08-26,1504.7791748046875,1520.7180143906892,1498.0727289530273,1510.2663441886914,5302248
2021-08-27,1488.31787109375,1504.7791665153063,1485.1822849945138,1502.427583260766,6698514
2021-08-30,1478.9549560546875,1496.8969690174113,1472.2919948958422,1483.3098187310713,6559667
2021-08-31,1486.27099609375,1493.7178535768544,1468.3289836646177,1480.783933076624,12255438
2021-09-01,1461.274169921875,1488.9275478953632,1457.267717526702,1488.9275478953632,7801974
2021-09-02,1471.15966796875,1475.688788882233,1448.1224872534362,1460.9257408190936,6830050
2021-09-03,1481.219482421875,1485.835573126243,1467.0661785417021,1477.2130299720811,5339139
2021-09-06,1507.130615234375,1508.5241497669524,1480.0868805296004,1485.1385628200474,4876026
2021-09-07,1486.4453125,1511.0502868517522,1484.137213995946,1506.782500124992,3520341
2021-09-08,1474.7742919921875,1481.3936622056285,1465.8032320672012,1481.3936622056285,4584896
2021-09-09,1473.337158203125,1476.2114101731731,1465.1065100560027,1468.3726571492882,3331674
2021-09-13,1473.5985107421875,1481.9598261405356,1459.0532050480786,1465.8468336141766,4662374
2021-09-14,1468.59033203125,1477.1257989130531,1462.0144469944478,1477.1257989130531,4945167
2021-09-15,1490.6258544921875,1493.8049254065334,1472.117688719493,1474.7741973936459,4062344
2021-09-16,1482.613037109375,1497.4195705979105,1473.2064909534074,1493.8920892094495,3246568
2021-09-17,1473.075927734375,1496.3308524712506,1467.1096806648243,1478.0404287798092,7454864
2021-09-20,1470.07080078125,1487.3595823241576,1461.4481524246728,1467.5885506094764,5660743
2021-09-21,1496.722900390625,1503.9520158774876,1467.2840887595703,1480.6534976063292,4672222
2021-09-22,1495.3726806640625,1514.5340753328271,1492.0194578610053,1495.4597566485802,4553892
2021-09-23,1517.7130126953125,1519.8468525678163,1499.0305907443167,1508.5242112592882,3826090
2021-09-24,1536.264892578125,1557.2989006716446,1526.3357843635558,1531.1697244858785,8280446
2021-09-27,1499.0743408203125,1540.750353714178,1496.4178321652648,1540.5326105890063,5045337
2021-09-28,1469.4176025390625,1489.3628929542976,1458.8788571335956,1489.3628929542976,6557197
2021-09-29,1473.9031982421875,1481.872617800693,1441.4594729447897,1445.1611060324121,7792548
2021-09-30,1459.05322265625,1483.2663028944044,1454.6112837647613,1483.2663028944044,6914031
2021-10-01,1450.2999267578125,1462.3192838563787,1446.9031126334762,1450.2563356034423,5733906
2021-10-04,1462.14501953125,1470.2015147989575,1450.517558435886,1456.7014416476638,2947154
2021-10-05,1474.3824462890625,1483.2227330420862,1448.4274205190902,1455.3952012552013,4373310
2021-10-06,1457.6160888671875,1488.492021865943,1454.524093924005,1482.4822902737767,4271698
2021-10-07,1472.8143310546875,1484.3111242274608,1460.3158983561343,1469.330441448408,5476108
2021-10-08,1501.4259033203125,1508.0888641225727,1479.2596960117546,1485.2258362951297,4738376
2021-10-11,1472.77099609375,1506.7825168192749,1449.036994022464,1464.975834271688,8840633
2021-10-12,1467.7196044921875,1471.0728279811535,1447.5565660773696,1460.6211560239162,7439300
2021-10-13,1488.6661376953125,1492.5420290685638,1463.277374662343,1477.1257522003684,7104171
2021-10-14,1494.3712158203125,1553.4666845714335,1479.0856043938277,1527.6859172658185,19655776
2021-10-18,1560.9132080078125,1566.8793476841583,1515.4919760813984,1515.4919760813984,13438109
2021-10-19,1587.0426025390625,1597.799091923905,1552.3343687944996,1579.944155219386,10324260
2021-10-20,1569.7972412109375,1609.5571565198998,1562.5682333583247,1593.3570895202022,5876115
2021-10-21,1527.3809814453125,1579.9441517799685,1521.4583257794832,1579.9441517799685,8779629
2021-10-22,1497.8985595703125,1535.6986813056806,1486.7500689564513,1524.11481075835,7369809
2021-10-25,1487.22900390625,1506.5645491752007,1469.5046300365234,1499.8581040438655,5905209
2021-10-26,1497.0264892578125,1517.1485436893581,1490.1727607226414,1502.6062654350915,5871709
2021-10-27,1519.21337890625,1523.782638320306,1494.785823536902,1501.7713769207796,5090259
2021-10-28,1497.2022705078125,1515.522964410046,1486.7897990608278,1510.7780094844702,5329972
2021-10-29,1465.4376220703125,1504.8469109760645,1459.5504324355952,1492.8967290645846,5875091
2021-11-01,1493.8193359375,1500.1018935472132,1472.6867651673283,1474.0048022483252,3636806
2021-11-02,1491.93017578125,1499.4429230262488,1481.7812470277015,1489.3819492239559,3471772
2021-11-03,1495.9720458984375,1509.1084388738689,1492.896626127134,1501.6835397594302,3530713
2021-11-04,1501.419921875,1508.713103252184,1498.1688066656807,1506.955720487767,483407
2021-11-08,1526.7264404296875,1529.8018605974596,1496.4115844902203,1520.1362543558903,5245903
2021-11-09,1531.119873046875,1537.710059014078,1516.621463919028,1524.3100142140984,4016134
2021-11-10,1529.054931640625,1538.544734840755,1513.0626830662195,1516.6214263051052,4780368
2021-11-11,1523.035888671875,1528.703405453859,1501.6836441561402,1522.7282608636551,4731349
2021-11-12,1564.246337890625,1566.5748914793885,1527.20958236198,1531.559061749532,5069009
2021-11-15,1570.353515625,1581.6446798033896,1560.116738328288,1565.916080701805,4354074
2021-11-16,1574.8785400390625,1589.5086651188797,1561.4345195600592,1572.8575070413654,6034233
2021-11-17,1570.6170654296875,1583.402069550953,1564.6858978550656,1575.0984778513402,4732492
2021-11-18,1563.54345703125,1572.3742410091222,1545.618131495533,1565.476535154988,4326924
2021-11-22,1545.9696044921875,1568.8155799150782,1538.7204007522319,1567.5853905552658,6621839
2021-11-23,1526.1990966796875,1535.293531113381,1502.5622768372482,1524.6174092729004,8436160
2021-11-24,1490.2606201171875,1529.3623875671963,1483.2310888902196,1528.9230418655106,7333061
2021-11-25,1513.4581298828125,1516.7970929361409,1491.0953687886788,1493.7754205362603,4476260
2021-11-26,1486.4383544921875,1509.8993723813282,1479.716343711144,1496.0161123736239,4494181
2021-11-29,1490.568115234375,1504.319656915026,1466.6677523751573,1485.867137758942,3942776
2021-11-30,1504.8909912109375,1520.048419306774,1493.8194999672771,1497.7736116444519,14808963
2021-12-01,1506.867919921875,1530.59258798338,1505.1983847910458,1506.9557676104166,5193264
2021-12-02,1536.1722412109375,1538.1492968624316,1503.748507074007,1506.9557521388576,5559574
2021-12-03,1525.0128173828125,1569.913923973845,1522.3767433293804,1556.2502305587047,6754012
2021-12-06,1489.6456298828125,1523.6069679725288,1486.3065595311832,1520.1361797156055,3991449
2021-12-07,1504.0120849609375,1515.6547454589877,1488.5031610337503,1494.741848225563,4202122
2021-12-08,1540.6536865234375,1546.3213109323074,1522.4208382954744,1522.7723363402492,3029169
2021-12-09,1549.5284423828125,1554.7567210288287,1530.6805531039272,1545.6183082145856,2082171
2021-12-10,1545.837890625,1549.7920020405534,1534.1952292347592,1546.496909194259,1823469
2021-12-13,1533.009033203125,1556.470051607841,1527.8687097618824,1552.6917427954177,4040584
2021-12-14,1539.5994873046875,1549.1332695816727,1502.8701360229027,1520.9272910604388,4768144
2021-12-15,1523.8267822265625,1535.9087905563729,1512.4037925329237,1533.3166934922908,3053149
2021-12-16,1556.689453125,1561.9616008149214,1544.7392731469356,1548.8252090590486,4481031
2021-12-17,1599.965087890625,1618.5494309854728,1587.5755615814348,1599.2182217120308,18887243
2021-12-20,1580.677978515625,1607.6977390246545,1570.4851797435072,1583.1382500746142,5773891
2021-12-21,1591.837158203125,1615.034630275392,1582.5230517551581,1582.5230517551581,5353584
2021-12-22,1603.3480224609375,1607.258263225774,1592.4962060182195,1603.6116727640501,4156428
2021-12-23,1632.2572021484375,1635.7719679184652,1605.3692654601534,1609.103704090808,4112933
2021-12-24,1637.44140625,1648.2053757839751,1629.0938380399784,1645.744996985642,3780347
2021-12-27,1639.77001953125,1647.1070714566104,1621.2296519691486,1634.3660458305121,2647733
2021-12-28,1658.9693603515625,1665.9110438520706,1650.5339443784728,1652.5548702377228,3340933
2021-12-29,1656.8167724609375,1664.0659772122503,1648.7767239206892,1655.0154120118143,3236635
2021-12-30,1663.2310791015625,1678.124963441618,1646.9752873799528,1655.8940269931556,4584738
2021-12-31,1658.7498779296875,1668.0639863705464,1644.6029662423111,1660.7269338032627,4619420
2022-01-03,1668.151611328125,1681.8592826976471,1658.7496564451544,1658.7496564451544,3329616
2022-01-04,1668.7666015625,1675.3567863034766,1650.1822591405219,1668.1514532960693,3921999
2022-01-05,1620.878173828125,1672.061949815919,1616.7922372110065,1669.5137232070176,6995719
2022-01-06,1597.2852783203125,1606.2478877431283,1581.6445284122708,1606.2478877431283,6449205
2022-01-07,1594.2098388671875,1613.2773992100788,1587.619653412898,1595.2202481604722,4834389
2022-01-10,1626.238037109375,1643.0649981325935,1593.0674382165591,1594.8248209393573,7857560
2022-01-11,1630.499755859375,1643.1529335918676,1625.7109305887875,1629.9725624667992,5142287
2022-01-12,1649.69921875,1659.8481478952956,1634.3660958630228,1642.1864712150102,5362535
2022-01-13,1666.701904296875,1680.497316486841,1639.9456865869017,1673.9071309319909,14277630
2022-01-14,1695.30322265625,1698.5104677026313,1652.8185151312207,1653.6972065268249,7688506
2022-01-17,1704.2218017578125,1716.8749781188799,1696.3135799399108,1703.3870879152166,5262464
2022-01-18,1687.746337890625,1709.0546022112537,1679.5744657824005,1688.932549709658,3690315
2022-01-19,1640.5609130859375,1683.5728166181689,1636.8703446421212,1683.5728166181689,5747770
2022-01-20,1602.469482421875,1623.8217266018507,1595.2642557606387,1620.3069609598556,5533463
2022-01-21,1569.0791015625,1588.6739615819963,1560.5558383681557,1577.2509740263736,8252758
2022-01-24,1526.111328125,1554.0976288940496,1518.378800587523,1550.890383701955,7116712
2022-01-25,1513.23828125,1528.9228998912874,1494.2145926811118,1517.1484147270562,9137653
2022-01-27,1474.971435546875,1502.2987179861893,1463.0212533681874,1495.5328367763693,11231734
2022-01-28,1481.6495361328125,1517.9835147744618,1475.7623460999685,1477.080383324827,10998502
2022-01-31,1525.583740234375,1537.270377031488,1507.2630487053145,1509.5916020234902,8788872
2022-02-01,1557.0850830078125,1564.0706364850143,1524.2658745729877,1551.8568050061044,5119935
2022-02-02,1570.3094482421875,1575.3180537987653,1557.0412289736769,1571.9789834277135,4253717
2022-02-03,1527.6490478515625,1563.1920737397209,1523.6509588896436,1563.1920737397209,3832922
2022-02-04,1529.8896484375,1541.1808120164233,1502.6941912084785,1521.8935777665583,4700077
2022-02-07,1506.9556884765625,1521.8934416567965,1489.7333592035418,1513.2822233892216,4310209
2022-02-08,1508.9765625,1515.7424423814352,1490.2603955240081,1502.5620733172486,6053401
2022-02-09,1526.5506591796875,1531.5591574092173,1515.7427117216866,1524.5296259925371,3867244
2022-02-10,1554.93212890625,1558.7105444639826,1536.611436448764,1542.6744279720942,4334630
2022-02-11,1512.5355224609375,1534.1513109136818,1505.1984702260409,1528.923139634157,7551371
2022-02-14,1478.1346435546875,1510.0751620435087,1474.6638553981247,1484.9884794415796,7459637
2022-02-15,1527.38525390625,1534.8541304534688,1485.383764065274,1492.896618085269,4669915
2022-02-16,1523.035888671875,1542.4988179107663,1517.3682646277543,1527.3853683173847,5350642
2022-02-17,1515.5670166015625,1536.8313062358195,1511.6129051790003,1532.4378490996394,3937950
2022-02-18,1499.8822021484375,1513.5458959572875,1496.850759804493,1502.5622537515017,5602215
2022-02-21,1520.7510986328125,1526.550547436766,1486.3064401172699,1494.6540080635389,5120890
2022-02-22,1523.9583740234375,1538.5886069583632,1485.911101612414,1493.687498875911,8878515
2022-02-23,1531.42724609375,1544.9591147620647,1523.123655479762,1537.7099108964103,5478811
2022-02-24,1474.5760498046875,1506.9118301831932,1467.8540388895212,1485.0763695246333,13592379
2022-02-25,1489.0303955078125,1518.5105342990194,1473.5654486264136,1506.9557211653544,9737281
2022-02-28,1507.4830322265625,1518.4228051512885,1463.0212662482625,1478.1347163040493,15076542
2022-03-02,1496.23583984375,1506.428639183248,1485.8672378574524,1502.5623753614689,6771489
2022-03-03,1512.09619140625,1523.563157969651,1498.6522763017938,1511.5250204995646,7344147
2022-03-04,1514.2490234375,1525.4083619826322,1477.0803320811085,1489.601685282867,9074499
2022-03-07,1528.791259765625,1538.5886906416126,1490.260662094903,1491.139353523025,9742588
2022-03-08,1562.489013671875,1581.644529208251,1509.9872022162124,1509.9872022162124,10984500
2022-03-09,1593.3751220703125,1609.411241059636,1573.7363895823908,1573.7363895823908,10193515
2022-03-10,1604.402587890625,1620.9658987002945,1590.6070690763233,1620.9658987002945,6547182
2022-03-11,1600.975830078125,1609.2355512027455,1591.310224078751,1593.9462984422166,4758657
2022-03-14,1661.341796875,1665.1202128221414,1609.367286068122,1609.367286068122,10289724
2022-03-15,1616.1771240234375,1659.2768725454414,1608.0052511537049,1659.2768725454414,7140443
2022-03-16,1660.1995849609375,1664.1975665515567,1624.7004302568198,1638.7594929307566,5233979
2022-03-17,1629.6209716796875,1689.9871323532464,1610.6852372652634,1689.9871323532464,17731459
2022-03-21,1628.25927734375,1658.0029622596096,1617.758849881559,1635.2448316509428,8362085
2022-03-22,1658.442138671875,1660.7267148165508,1615.9134542580089,1625.579059476518,5709382
2022-03-23,1645.26171875,1669.5135787574188,1631.7298503960667,1666.8775046856965,6192824
2022-03-24,1657.8270263671875,1664.7687099000984,1630.9830683752546,1630.9830683752546,3784303
2022-03-25,1648.9083251953125,1664.2414466217965,1632.6085574568626,1662.4840638904113,3438588
2022-03-28,1646.579833984375,1652.7306737771728,1627.9076417562392,1639.6381504800765,4008555
2022-03-29,1657.2120361328125,1660.1996084457126,1634.8493821555994,1646.5798912876753,3917785
2022-03-30,1672.984375,1686.208722896825,1665.1201302185948,1678.3005006424887,7795839
2022-03-31,1675.5325927734375,1680.9365660718338,1664.4171256540967,1669.5135784299448,5399145
2022-04-01,1672.633056640625,1678.5642235880214,1650.4460988003643,1657.9588459097863,6171518
2022-04-04,1654.53173828125,1663.3626287396291,1645.7888027624538,1660.506882018338,7364074
2022-04-05,1635.33251953125,1660.3752240705198,1631.8617314560988,1655.278878381211,5472024
2022-04-06,1606.9945068359375,1632.1690331605275,1601.1073182349028,1629.972304986691,5407453
2022-04-07,1591.3099365234375,1606.3795136972185,1588.2784944581006,1600.1408269501305,5797544
2022-04-08,1594.473388671875,1615.0347888286492,1588.6740468999988,1601.854417864324,5131446
2022-04-11,1552.252197265625,1593.946057575753,1548.7374319787987,1593.946057575753,8248407
2022-04-12,1531.0758056640625,1544.300154299906,1518.1590848316712,1544.300154299906,6456184
2022-04-13,1536.4359130859375,1544.3001583273306,1521.8935272961232,1542.0594523193558,6257693
2022-04-18,1424.7103271484375,1449.8408809660887,1397.1193943855035,1410.7391117521547,30523965
2022-04-19,1372.515869140625,1438.1101989357824,1361.9715730908893,1438.1101989357824,17044923
2022-04-20,1395.098388671875,1402.6552210404843,1373.3947525064125,1383.9390500304542,10678747
2022-04-21,1422.4256591796875,1429.8065810155888,1396.4602858072528,1401.5127612789481,7766514
2022-04-22,1393.12109375,1415.3080493150037,1390.4411496132832,1409.728380952071,8134245
2022-04-25,1371.72509765625,1382.0058512029284,1365.5742579702844,1382.0058512029284,7000570
2022-04-26,1389.2109375,1398.8765417457305,1376.5138911911388,1385.8718676738993,5345435
2022-04-27,1364.4320068359375,1381.961856821622,1362.2791486149092,1381.961856821622,8819356
2022-04-28,1390.6170654296875,1407.4880056040677,1368.517954039761,1379.545574627146,9245177
2022-04-29,1377.3927001953125,1403.5337684574995,1371.4615334467492,1397.1192785504973,9831395
2022-05-02,1354.0633544921875,1364.387977733773,1345.2764410950936,1362.7624202077359,7072627
2022-05-04,1349.2745361328125,1379.5454100276122,1344.5295814229673,1359.5551819523712,6220959
2022-05-05,1392.8575439453125,1396.5919819925602,1368.5177304330361,1370.8024136363445,6144870
2022-05-06,1355.68896484375,1372.3841009487683,1348.8352364842315,1361.9716296199067,6171472
2022-05-09,1379.85302734375,1394.3075653232786,1337.5001444983088,1353.1847646359806,6832202
2022-05-10,1364.607666015625,1378.7985527649935,1358.5008040403675,1369.0011227639045,6212545
2022-05-11,1341.5419921875,1361.927588201104,1328.2297970447912,1361.927588201104,7846080
2022-05-12,1325.7696533203125,1342.201139918884,1321.8155419424827,1330.3388057853947,7034979
2022-05-13,1321.9031982421875,1343.7386553481426,1316.3674002098628,1334.9957199167382,6723761
2022-05-16,1308.4593505859375,1328.4495800627174,1299.2770683025562,1326.8240224148346,6145331
2022-05-17,1334.2489013671875,1340.0043728900273,1301.2541039526504,1313.555783441477,6516378
2022-05-18,1326.12109375,1361.7080974834491,1322.6942829038983,1337.3683872175263,6594126
2022-05-19,1254.0242919921875,1304.5929112137708,1245.6767247637058,1301.341796355947,16561140
2022-05-20,1278.6278076171875,1288.8206063685275,1271.2028009563014,1276.7385996614764,10488908
2022-05-23,1290.2703857421875,1307.4927145622214,1274.1464210976928,1278.5837480095965,5887569
2022-05-24,1266.1943359375,1291.2810188777573,1261.1418602736273,1290.446197671662,5693167
2022-05-25,1239.350341796875,1267.5124463343247,1229.50904023106,1260.9222603048568,9630092
2022-05-26,1251.2125244140625,1256.528650069207,1236.3627261774936,1245.9843537049899,13040065
2022-05-27,1284.07568359375,1289.040311563104,1263.0310670153488,1268.7864314520264,8284860
2022-05-30,1341.5859375,1344.3977067923636,1304.856597769059,1306.6139803923168,10904213
2022-05-31,1335.1923828125,1347.9795623962705,1321.4728713370666,1341.4971403772934,16033857
2022-06-01,1312.9482421875,1345.0936959690998,1307.220595475762,1343.539700941573,8738508
2022-06-02,1339.0997314453125,1344.2944932066457,1310.3286014773466,1317.78779937987,7205840
2022-06-03,1351.26513671875,1380.835483354974,1347.9795908249841,1354.1067924628962,9395707
2022-06-06,1358.68017578125,1364.4964924732922,1325.7798357609638,1346.2037716099271,6624883
2022-06-07,1337.945068359375,1349.6222508666924,1334.3043022524057,1349.6222508666924,4904592
2022-06-08,1331.9957275390625,1349.9332266440192,1324.891750325521,1349.9332266440192,4697608
2022-06-09,1345.315673828125,1347.0472249005495,1315.5677694893513,1318.675759494895,4361061
2022-06-10,1311.3941650390625,1326.6232286366903,1308.5525092706785,1319.6524730579197,6516436
2022-06-13,1264.9520263671875,1281.9127514082513,1253.5856187134593,1281.9127514082513,6987685
2022-06-14,1279.2042236328125,1286.618977493986,1245.9931115070253,1252.075869762069,6090247
2022-06-15,1262.909423828125,1284.3990185434857,1259.9346552426048,1278.8933715213977,4651958
2022-06-16,1240.7098388671875,1282.046158362734,1236.092296062979,1276.9401736627613,6641772
2022-06-17,1231.9183349609375,1240.4874196646322,1214.0251729542306,1235.2483238555576,9692047
2022-06-20,1255.7613525390625,1263.0428867444693,1227.2122188224364,1234.360640156729,4595194
2022-06-21,1287.507080078125,1292.9238409740165,1263.3979359517734,1264.507932381181,6270787
2022-06-22,1276.273681640625,1296.1203928082316,1274.2756884009718,1275.2081286053715,6253366
2022-06-23,1289.771240234375,1294.6996671000559,1272.4997413953224,1278.5381645462396,6254281
2022-06-24,1279.6925048828125,1303.1356482758742,1268.8589844199196,1294.699676447172,6114340
2022-06-27,1309.4405517578125,1317.7877464947417,1301.049022203048,1303.6242355705597,4511097
2022-06-28,1314.368896484375,1321.561651135481,1290.2597541406712,1304.4677073865423,4412178
2022-06-29,1299.36181640625,1311.5717770934775,1293.8118342756918,1300.649368901304,5060038
2022-06-30,1298.1630859375,1316.01180739461,1292.035883778109,1300.9602987057103,9165177
2022-07-01,1313.702880859375,1318.6756427483724,1280.8025462113708,1291.147733707834,4651635
2022-07-04,1321.33984375,1325.1138318789901,1298.2519163726479,1314.4578653971353,4800224
2022-07-05,1310.6395263671875,1340.8314335257623,1307.1319805124183,1330.9303506907718,7379669
2022-07-06,1324.580810546875,1331.9955641744978,1305.3556528910078,1316.1891734537298,5209162
2022-07-07,1330.8414306640625,1344.3833886802468,1328.177438923174,1334.7043054068324,3323472
2022-07-08,1344.8272705078125,1347.0472634324174,1331.9513115451052,1345.3157123104625,3652582
2022-07-11,1308.1529541015625,1331.9068766093092,1302.1589736556825,1327.555669124535,4702638
2022-07-12,1277.47265625,1304.1125702899615,1275.1638853794875,1298.0742548130895,4710356
2022-07-13,1282.667236328125,1296.4756331777055,1277.4724755049383,1287.5956630874473,5264025
2022-07-14,1268.8145751953125,1290.215282622801,1255.627840557895,1288.4837317181796,6157606
2022-07-15,1270.146728515625,1284.0439058847987,1252.6532276522264,1284.0439058847987,5620018
2022-07-18,1323.02685546875,1326.3124012665216,1285.8641997914458,1287.5957507176618,5835171
2022-07-19,1317.9210205078125,1320.3185695057068,1305.4446169198009,1306.7322778541525,3418540
2022-07-20,1345.58203125,1354.9060006770792,1331.9956324398804,1333.105628800247,5079392
2022-07-21,1361.210693359375,1363.4750207876066,1334.7483380319422,1347.0915186497457,5008061
2022-07-22,1337.5902099609375,1367.515671889144,1325.0250280493503,1362.1876887519136,7020642
2022-07-25,1335.1923828125,1347.2247865607108,1314.3244515105814,1314.3244515105814,7859626
2022-07-26,1288.6170654296875,1329.0209351127858,1283.1558613643324,1329.0209351127858,7268273
2022-07-27,1306.288330078125,1308.0198812663878,1283.1559595586764,1288.4839427817574,4517285
2022-07-28,1347.4468994140625,1353.7072142935083,1322.9825345301238,1328.7989592318934,6636841
2022-07-29,1376.12890625,1381.4568882450026,1356.8594147273027,1361.1218436825332,7009465
2022-08-01,1377.3277587890625,1388.827276317502,1365.6505768258328,1388.827276317502,2983249
2022-08-02,1370.7125244140625,1373.731736723845,1357.1705664405404,1373.332181323211,4374635
2022-08-03,1390.692138671875,1394.1553487975477,1367.4266596498978,1375.5074110110838,6011955
2022-08-04,1420.7066650390625,1424.214210429917,1398.5510710597634,1409.6954786756162,7402209
2022-08-05,1435.5806884765625,1443.6169980608536,1422.8379503946153,1428.2547116101568,5361971
2022-08-08,1438.0225830078125,1440.3313538806547,1417.2434283560572,1435.8913682028474,3763409
2022-08-10,1422.970947265625,1439.6208933320956,1410.2282102223699,1439.6208933320956,4423829
2022-08-11,1438.5111083984375,1448.6342987746457,1435.003562604036,1447.4355241612493,3462090
2022-08-12,1415.5562744140625,1433.2274398690179,1412.0487289334715,1432.6058852060069,3562286
2022-08-16,1417.6429443359375,1428.7873514369574,1412.8921814722432,1428.7873514369574,3004430
2022-08-17,1426.345458984375,1431.4514427285992,1407.475519060068,1417.643043330634,4067324
2022-08-18,1405.6549072265625,1419.1968624345182,1397.707376873584,1415.5560961565852,4635706
2022-08-19,1418.2200927734375,1425.1465132491517,1407.5641279788495,1407.7417924309402,4739884
2022-08-22,1399.1727294921875,1419.907441241582,1397.7075125167294,1408.3634783046587,3950555
2022-08-23,1369.6468505859375,1380.391594615452,1361.2996555455054,1374.619613036166,5551574
2022-08-24,1365.2955322265625,1372.8435075266768,1359.5235511147102,1363.0755394912346,2888426
2022-08-25,1348.1129150390625,1375.2411633369209,1344.205705841227,1374.6196086818957,4331088
2022-08-26,1351.1319580078125,1371.9110023088876,1347.4910833756708,1363.2086962369879,3079136
2022-08-29,1298.030029296875,1304.0684541845721,1287.5960612146187,1304.0684541845721,8079050
2022-08-30,1325.7354736328125,1328.532686697627,1301.8039906965078,1308.108749599387,6725875
2022-09-01,1300.205322265625,1303.668532666685,1288.5282470130728,1296.5202209856338,8140604
2022-09-02,1290.259765625,1312.4596927692705,1285.819780196146,1312.4596927692705,5175653
2022-09-05,1297.6300048828125,1302.6915442107031,1284.3543852523228,1288.4835928082687,3669352
2022-09-06,1292.12451171875,1305.355689709022,1283.5553183345817,1297.6301585781393,3428442
2022-09-07,1294.38916015625,1301.581915907194,1276.9844364483333,1278.7159876557116,3600574
2022-09-08,1310.594970703125,1315.212512366536,1299.6725627710948,1309.7957516157421,4061475
2022-09-09,1342.3409423828125,1349.7556970653623,1314.2358103004844,1321.33978765346,4816910
2022-09-12,1364.14111328125,1372.7547502634757,1350.7768218512558,1354.9060300810474,5494819
2022-09-13,1371.9112548828125,1379.0596758276358,1368.6701517643487,1378.0829005700948,4947158
2022-09-14,1310.1510009765625,1331.0632685678052,1307.1317890233854,1329.33171750544,14332197
2022-09-15,1272.322265625,1309.9732552773253,1268.9922765591873,1309.7956992197146,12784100
2022-09-16,1222.8165283203125,1265.3959486362396,1215.0908880161,1265.3959486362396,20464045
2022-09-19,1234.582275390625,1248.5237849644993,1225.96863943133,1236.0918269349809,6595241
2022-09-20,1233.028564453125,1255.2284946157747,1229.9649090518215,1250.255623540864,7219797
2022-09-21,1222.993896484375,1233.2503054303857,1215.13514453256,1225.347110268316,7917054
2022-09-22,1214.7357177734375,1228.9436728727633,1207.676183442698,1213.3149439431238,9168498
2022-09-23,1212.515380859375,1238.5781778204687,1209.4518347692951,1214.3358179493473,10426200
2022-09-26,1225.6580810546875,1242.7075831808704,1203.2361527470398,1207.6761385505345,9414587
2022-09-27,1237.4683837890625,1248.967902705002,1223.6599857287542,1237.3794973619085,8561254
2022-09-28,1238.489501953125,1248.3906912173352,1222.7719967699986,1224.5479909555759,7022098
2022-09-29,1241.9970703125,1251.9425937102772,1236.9798654027875,1247.5470517617227,6119965
2022-09-30,1255.139404296875,1260.3342738295787,1221.8839576743449,1233.3834762714234,8120130
2022-10-03,1237.64599609375,1253.8519436659194,1230.7640183576234,1253.8519436659194,4943169
2022-10-04,1269.3031005859375,1271.8338706895042,1255.6279233059583,1260.689463513092,6631341
2022-10-06,1292.1693115234375,1296.298520707972,1282.3568978568205,1283.1561171180383,6180672
2022-10-07,1288.6614990234375,1294.566702109372,1278.8491949585682,1284.3547342638644,3994466
2022-10-10,1298.8289794921875,1300.9157509967636,1266.5946414154234,1266.5946414154234,5274677
2022-10-11,1264.330322265625,1313.9249389319289,1261.0446679361762,1298.8289881372887,12824774
2022-10-12,1268.681396484375,1279.6925820570834,1255.2283273173289,1276.0518156752744,5481467
2022-10-13,1260.8671875,1276.8954711779975,1256.515979742123,1270.7239342833766,4821514
2022-10-14,1309.129638671875,1326.6675802447219,1302.913659380233,1318.6756068697537,14990688
2022-10-17,1323.0711669921875,1327.5555954732513,1310.2396529236003,1311.4828704785755,4286396
2022-10-18,1335.28125,1341.7192292357881,1329.5537118322238,1340.875675315851,4692004
2022-10-19,1319.0751953125,1336.391138059882,1315.3900942154946,1335.5475842083438,3553171
2022-10-20,1332.7947998046875,1335.5475689920102,1309.0852134280171,1309.7956544303293,4583939
2022-10-21,1332.439453125,1337.3234364586806,1324.3142591720818,1332.2618970902752,3594485
2022-10-24,1347.8463134765625,1351.3539668962553,1341.7635553058506,1348.4235332441654,982837
2022-10-25,1355.349853515625,1361.2106119886887,1350.6878693032677,1356.9481830638767,3914341
2022-10-27,1368.0526123046875,1377.88251275016,1357.773970542601,1374.201957292014,6760137
2022-10-28,1358.447021484375,1371.6431919026134,1352.8363861734367,1369.892717518689,3053981
2022-10-31,1380.35107421875,1388.2059642832278,1373.70805956196,1373.70805956196,4542336
2022-11-01,1412.0848388671875,1413.8802423495363,1388.8343418542265,1394.1757329638529,4542692
2022-11-02,1394.400146484375,1411.8604013679294,1386.949178263202,1411.1871250678016,2938906
2022-11-03,1374.15673828125,1385.9615363587588,1365.987675554083,1381.3383511548413,3174027
2022-11-04,1359.120361328125,1364.9104934069014,1347.5849165055247,1364.9104934069014,4509682
2022-11-07,1353.2403564453125,1371.598421588422,1338.5629558638961,1365.7633606565107,4898592
2022-11-09,1356.6068115234375,1372.5859461620792,1347.5400459604302,1372.5859461620792,3334755
2022-11-10,1348.302978515625,1357.32492412614,1333.086979052459,1333.086979052459,3435763
2022-11-11,1409.4813232421875,1412.5335307351531,1388.430263614367,1388.430263614367,7214098
2022-11-14,1423.1265869140625,1428.602545514008,1408.000225198226,1414.0148924987643,4908813
2022-11-15,1430.9364013671875,1434.3925307337452,1411.8602416877316,1416.438498094257,3497614
2022-11-16,1438.836181640625,1444.4018877790927,1430.4875128502076,1433.7641456371011,4497697
2022-11-17,1425.01171875,1438.8363470236297,1421.0168803841925,1433.8091297730527,3469515
2022-11-18,1430.39794921875,1434.527355233414,1414.3290664394517,1428.8717905380126,3126064
2022-11-21,1407.775634765625,1425.4154934915452,1404.0502607137878,1420.2537091834579,3071764
2022-11-22,1422.9022216796875,1425.550398044472,1402.210152232661,1408.4940645666102,3399329
2022-11-23,1421.1964111328125,1429.1410489418556,1417.7402816433105,1426.3581957002846,3245067
2022-11-24,1463.0740966796875,1468.6398027101736,1422.6325961766183,1426.4478279379375,5282215
2022-11-25,1468.32568359375,1475.8214702395546,1448.710925020796,1464.5104516907584,4563255
2022-11-28,1457.328857421875,1484.34965474194,1454.276649943721,1461.4582630298628,3825766
2022-11-29,1462.40087890625,1471.1085408527335,1449.8330561316118,1455.3538334700106,3131710
2022-11-30,1467.697265625,1477.3924872568878,1448.1274354474258,1454.2317409044451,11868134
2022-12-01,1487.58154296875,1501.49592004661,1483.2726403329877,1486.7735894799405,5407928
2022-12-02,1470.345458984375,1491.8005489428745,1466.7994719474775,1486.5938358778496,4283343
2022-12-05,1472.0062255859375,1476.5844819133267,1457.2390778283009,1470.4352477571372,3824966
2022-12-06,1447.9031982421875,1459.6630694435437,1443.1005157174536,1458.7653676788182,4822398
2022-12-07,1441.260009765625,1457.6879939155688,1433.3601913539392,1443.5042639072717,4898087
2022-12-08,1454.411376953125,1457.777758202631,1434.976113956099,1441.2600256218434,4206837
2022-12-09,1408.76318359375,1461.4582243868986,1401.4019646254637,1461.4582243868986,8880658
2022-12-12,1388.924072265625,1405.7559796963715,1373.5285752684867,1391.4376809417088,8037679
2022-12-13,1411.32177734375,1416.1244596167126,1383.4930240961316,1388.924053738368,6135067
2022-12-14,1417.830078125,1425.9991416279158,1412.0847653639985,1420.164080614015,4976020
2022-12-15,1382.9095458984375,1409.3917475238864,1378.1966117108577,1408.7634001319689,6443866
2022-12-16,1366.4815673828125,1390.9888691230103,1357.3699822373837,1368.995176129455,9630453
2022-12-19,1353.150634765625,1361.7237298285659,1342.1089696118938,1353.689233868756,6222740
2022-12-20,1353.105712890625,1360.9156732509964,1330.7977396833635,1347.4501487795155,7396259
2022-12-21,1355.1256103515625,1365.4042507201466,1348.662092527513,1360.0180406581342,6236361
2022-12-22,1366.346923828125,1373.4386796309227,1357.100552434212,1365.8531440573202,6302640
2022-12-23,1343.9490966796875,1355.4397214479377,1340.268541890437,1354.3624137356346,6283822
2022-12-26,1348.70703125,1355.4397938764648,1343.2758922315616,1347.0013761347504,4115459
2022-12-27,1359.8834228515625,1365.8082322618604,1344.3083199922382,1355.484662525693,4860076
2022-12-28,1355.6641845703125,1368.9501033965662,1345.2059383085596,1351.1307473515324,5029860
2022-12-29,1362.3072509765625,1365.673632332556,1347.4502440923538,1350.1433491771486,4624745
2022-12-30,1353.91357421875,1373.8426164441485,1350.188200066258,1371.6881105842783,5060544
2023-01-02,1368.09716796875,1370.3414218532132,1350.1880658038176,1359.1201524308974,3801140
2023-01-03,1366.795654296875,1375.862418801588,1360.107711434535,1364.3717941574034,4551130
2023-01-04,1341.884521484375,1365.4042617792377,1338.5629595029297,1365.4042617792377,7059590
2023-01-05,1324.28955078125,1351.8490596942972,1318.948269310685,1351.8490596942972,9868404
2023-01-06,1300.32080078125,1324.109893788294,1298.5253975354353,1319.6213856737572,6443714
2023-01-09,1332.593017578125,1336.991777074858,1300.0513365001793,1300.0513365001793,11498717
2023-01-10,1319.3970947265625,1332.0995959017448,1305.3032216437111,1330.3939407278556,7158624
2023-01-11,1320.7435302734375,1341.166242466281,1314.2351934207732,1319.6214032298747,6173092
2023-01-12,1329.136962890625,1333.0868718348268,1306.1558239189717,1330.3488381302957,6591385
2023-01-13,1349.8291015625,1363.9679024832087,1317.8260159746374,1331.7403914839063,11610426
2023-01-16,1369.4439697265625,1371.6882240197885,1348.617333718516,1355.5295931085607,6073063
2023-01-17,1382.0115966796875,1384.4353471376285,1368.0972220460174,1370.7903268138245,5922644
2023-01-18,1387.3082275390625,1393.0983596644714,1382.1015138518171,1386.7246995181722,5843098
2023-01-19,1381.4730224609375,1391.0335664749514,1370.0273269921345,1382.3707240663339,6165284
2023-01-20,1369.48876953125,1386.9490224533192,1368.097288167546,1380.665111024728,6496429
2023-01-23,1389.642333984375,1394.4001971780099,1371.7780469216464,1377.972211024558,4855020
2023-01-24,1393.1431884765625,1408.3143680159328,1391.213108045872,1400.4145497993616,5200802
2023-01-25,1385.15380859375,1396.8239314140474,1381.3385761332681,1388.7446156153799,4158617
2023-01-27,1363.7435302734375,1392.2903779726057,1353.1955355242728,1387.8467984858346,6209955
2023-01-30,1381.3834228515625,1386.051427868807,1364.5065870211054,1372.406405831687,6964719
2023-01-31,1376.849853515625,1390.4500549143277,1358.2225449839548,1390.4500549143277,9448126
2023-02-01,1392.425048828125,1395.9710362007636,1371.7330909295972,1384.4354819888624,6194199
2023-02-02,1421.735107421875,1424.6077091096986,1393.233077644041,1393.233077644041,6916834
2023-02-03,1435.7840576171875,1440.4969913344742,1412.084711865144,1434.0784025458154,7040194
2023-02-06,1409.2569580078125,1434.5272821728975,1401.8509191605494,1434.5272821728975,4570612
2023-02-07,1402.569091796875,1414.822741340062,1396.0158258630909,1408.4939008206854,4336238
2023-02-08,1427.79443359375,1439.0157038986365,1405.3518929839772,1405.3518929839772,7983338
2023-02-09,1451.5836181640625,1454.0522977867906,1423.79979497045,1432.9113793663391,6904911
2023-02-10,1443.9979248046875,1450.9551120711883,1433.1356479869482,1447.9477241027244,4786762
2023-02-13,1407.1024169921875,1433.6295447624907,1405.8007934239577,1433.6295447624907,4001199
2023-02-14,1430.26318359375,1432.731863182567,1416.7079103135172,1422.5877904936112,5043736
2023-02-15,1433.674560546875,1435.4250350492096,1414.7778957082892,1421.9595093920875,3465747
2023-02-16,1437.9385986328125,1449.2944372484508,1434.3926112378667,1436.3226917714796,4290289
2023-02-17,1421.77978515625,1431.8339988700905,1414.3288183196412,1430.9362973034008,2857734
2023-02-20,1429.5447998046875,1439.0155950587757,1420.6127131506628,1422.8120381309877,2417716
2023-02-21,1417.919677734375,1437.8037900984118,1414.777722133191,1435.155504627785,2723288
2023-02-22,1402.0303955078125,1413.8800127338295,1396.1953351378,1403.1075935891906,3656244
2023-02-23,1392.06591796875,1409.256926645148,1389.7768444892642,1409.256926645148,4766854
2023-02-24,1392.021240234375,1408.4940454265454,1386.949203431493,1400.4147296784008,2790986
2023-02-27,1354.901123046875,1382.4605194389667,1348.3478572709923,1382.4605194389667,4920268
2023-02-28,1335.376220703125,1368.0974041544362,1329.7655850233577,1360.5566878842833,9679811
2023-03-01,1343.006591796875,1347.3154939495362,1329.9449890099597,1339.7299588712954,5125043
2023-03-02,1321.551513671875,1336.3186620674148,1317.197682560526,1333.0869580251103,4644499
2023-03-03,1327.97021484375,1337.39608302168,1322.3146501038996,1334.6580489083317,4615015
2023-03-06,1353.2403564453125,1364.8656589746784,1340.4032881447426,1341.6600924158531,6561742
2023-03-08,1339.9991455078125,1342.9616046452634,1329.5858287787105,1338.069174718111,4137080
2023-03-09,1328.95751953125,1345.0712200119858,1323.7508062262864,1342.0639414577045,5104656
2023-03-10,1321.012939453125,1323.481619051477,1308.5348642940003,1310.6444413069564,3699580
2023-03-13,1288.291748046875,1327.072529051493,1281.9180875951263,1314.4148468229184,8798403
2023-03-14,1274.7364501953125,1300.1862721963982,1266.6571346659055,1293.5881864305952,7402784
2023-03-15,1274.42236328125,1295.2490008975692,1271.9087544456395,1290.8951691490454,7556182
2023-03-16,1260.4627685546875,1272.7613459697632,1255.6151580984792,1272.7613459697632,7323117
2023-03-17,1275.36474609375,1295.2937893448818,1267.016186133299,1283.7134156369266,9090018
2023-03-20,1260.0589599609375,1274.4670058884406,1243.1821248798633,1274.4670058884406,8221829
2023-03-21,1248.43359375,1261.2707706940655,1247.80524645178,1255.8845609971513,8536755
2023-03-22,1247.13232421875,1263.2909578958688,1240.7586628515471,1259.4757249443269,8356487
2023-03-23,1233.935791015625,1242.3740984776875,1229.851204859829,1242.3740984776875,7607718
2023-03-24,1239.411865234375,1255.8397404782686,1236.584082982878,1246.0099507660507,7559127
2023-03-27,1246.8626708984375,1252.9670859905164,1233.5318232273341,1244.4389202610448,4170193
2023-03-28,1236.673828125,1254.9869645456447,1235.1028501650894,1249.6905026499728,6633366
2023-03-29,1242.0152587890625,1247.7156427956638,1224.9589261056296,1237.9306721291487,8813966
2023-03-31,1281.8729248046875,1283.6683279611534,1251.3062518154823,1260.3730158390927,8711975
2023-04-03,1266.5224609375,1288.201979583624,1261.405604921375,1288.201979583624,5242764
2023-04-05,1277.923095703125,1281.4689730213086,1256.7821801960295,1256.7821801960295,7506334
2023-04-06,1276.4420166015625,1282.277077411361,1266.073518560293,1271.1455548730469,6948465
2023-04-10,1281.5589599609375,1287.3042729141996,1270.2479401489488,1278.2823267500144,4993788
2023-04-11,1262.302978515625,1286.7204153350317,1246.9073759670935,1282.725687517246,6942255
2023-04-12,1282.1873779296875,1285.059979527605,1256.7823760661174,1268.4974270475386,5831169
2023-04-13,1247.087158203125,1266.7020280205386,1241.5214514944475,1265.534971977077,11267238
2023-04-17,1129.5780029296875,1132.136430654267,1064.0457840517952,1122.3963899019734,53171705
2023-04-18,1130.5206298828125,1140.0362461201344,1124.909994178881,1140.0362461201344,12430884
2023-04-19,1106.14794921875,1126.0320630409092,1103.6344503031144,1126.0320630409092,11307230
2023-04-20,1098.2484130859375,1111.220160369727,1096.4530094711436,1104.801570530291,8621249
2023-04-21,1101.794189453125,1107.0906515432816,1095.1961036957662,1102.4674657463806,8691352
2023-04-24,1100.8516845703125,1104.1731371660935,1093.4007163156925,1102.3777336910266,8313774
2023-04-25,1099.5948486328125,1109.1104648607622,1090.707579769993,1100.5373696805075,6808576
2023-04-26,1101.9737548828125,1106.8661852668383,1095.6898430443146,1102.3776768107684,5680192
2023-04-27,1118.7606201171875,1120.152101431663,1100.0435636550399,1104.1729691026203,8020704
2023-04-28,1124.595947265625,1130.206583602013,1117.5938292847163,1127.2441237833038,10118277
2023-05-02,1146.76904296875,1148.8338008021124,1126.2117608061656,1126.2117608061656,8886401
2023-05-03,1139.318115234375,1142.3253939620522,1132.9892745231455,1136.4903330105763,5549783
2023-05-04,1143.26806640625,1145.2878952710685,1133.3484185926052,1139.13855083866,4505401
2023-05-05,1130.2960205078125,1148.1603035984033,1125.9421898266594,1148.1603035984033,5373791
2023-05-08,1136.13134765625,1140.350611760026,1126.7952272539592,1133.3035651406553,5260842
2023-05-09,1140.7095947265625,1141.876650860064,1131.7325770311218,1136.4904402427994,4969897
2023-05-10,1134.0216064453125,1145.8264050289897,1130.3410516063245,1145.8264050289897,6515734
2023-05-11,1127.6031494140625,1145.377687946898,1124.8652248185404,1140.3056511286572,6888461
2023-05-12,1117.818115234375,1127.5133374467855,1112.2973374345554,1125.1344060204995,8292212
2023-05-15,1129.6229248046875,1139.0937216777986,1118.2221569213568,1122.0373891886634,5534710
2023-05-16,1134.9642333984375,1143.6269666049225,1133.5727520158546,1135.5925807167341,5236469
2023-05-17,1119.3441162109375,1131.9567575948706,1115.3492784510368,1131.642583960043,10465667
2023-05-18,1118.5362548828125,1130.7899043107132,1115.3493701951222,1129.8472737459822,6948732
2023-05-19,1139.0936279296875,1143.043537044953,1124.6406535054546,1127.5581838226922,11094136
2023-05-22,1160.5487060546875,1163.0622048581356,1140.3054905530537,1142.7292411104354,7625947
2023-05-23,1167.0572509765625,1179.7148242453716,1164.364145617976,1166.2941167921063,7436031
2023-05-24,1165.80029296875,1171.500676643536,1159.202207626038,1163.6907159656682,4824077
2023-05-25,1170.917236328125,1173.2961678428223,1157.3619620438858,1162.0748961534305,4334121
2023-05-26,1182.6771240234375,1188.0633345112276,1172.398482842331,1172.398482842331,5521606
2023-05-29,1179.9390869140625,1196.3669615854992,1175.8545005172648,1196.3669615854992,4419365
2023-05-30,1188.42236328125,1190.7115464294097,1175.2261922392356,1180.477725221967,6274719
2023-05-31,1183.4400634765625,1194.9305782104627,1179.7145799188752,1184.831435207361,17800782
2023-06-01,1184.517333984375,1193.4943505359809,1183.2605297506059,1187.2553678657034,4277841
2023-06-02,1181.7879638671875,1194.4337541289267,1179.1041942067427,1190.885638723748,10909311
2023-06-05,1186.7918701171875,1191.2951754512299,1180.241587621195,1186.3369863034209,5002553
2023-06-06,1163.5927734375,1172.3265202842344,1158.134167776339,1172.3265202842344,10008100
2023-06-07,1172.644775390625,1177.2391456905614,1166.7768194344242,1174.0549594386935,5397578
2023-06-08,1167.0498046875,1175.4196213460507,1165.5031332892086,1170.1429253728747,5034942
2023-06-09,1151.72021484375,1166.7769126021076,1149.9462124982956,1166.7769126021076,5339073
2023-06-12,1175.3741455078125,1178.785773831074,1158.1340948031748,1158.5889785796096,4785588
2023-06-13,1187.1102294921875,1188.611368241848,1180.0141088524708,1182.6069242988215,4846587
2023-06-14,1183.0618896484375,1188.7933592845616,1176.5114958499232,1188.4749628140476,3457981
2023-06-15,1170.68896484375,1177.1937141878004,1166.9134071805377,1177.1937141878004,6161155
2023-06-16,1175.101318359375,1184.0625068222432,1165.4578042106698,1170.8708768960637,8536287
2023-06-19,1177.2393798828125,1182.2431021311552,1170.9165389185205,1177.2393798828125,4451787
2023-06-20,1185.7911376953125,1187.2467436756685,1174.6009515510648,1177.2392998592454,4009180
2023-06-21,1182.1064453125,1186.154977548267,1178.1489786763307,1182.6522836320391,4041529
2023-06-22,1165.91259765625,1173.0542504034897,1158.588924773524,1173.0542504034897,6676607
2023-06-23,1150.85595703125,1163.9110992338817,1149.354818354435,1161.27275111336,7239467
2023-06-26,1155.7232666015625,1159.0439406048426,1148.3541711369407,1155.6323120512568,3403244
2023-06-27,1163.729248046875,1166.322063496411,1159.2258317923613,1164.5025282959484,3240024
2023-06-28,1176.6480712890625,1179.6957709731894,1165.7763913386955,1173.6003716049356,5662358
2023-06-30,1214.99462890625,1218.0878609550978,1186.7463005247835,1190.1579290222737,12821692
2023-07-03,1213.35693359375,1224.5471188494619,1208.5806539697087,1209.9908380904787,7732412
2023-07-04,1223.7738037109375,1224.5470838930623,1211.2645002907818,1223.0005235288127,5797775
2023-07-05,1225.72998046875,1235.4189169481579,1219.9983999394044,1235.327962395677,5414936
2023-07-06,1222.6365966796875,1225.8662047537898,1216.495665897886,1221.4084327344483,5963897
2023-07-07,1210.1728515625,1224.365315371182,1205.7605007879629,1213.6300129632032,6295647
2023-07-10,1209.217529296875,1220.8170652524432,1200.256341377616,1215.9498311998555,3940315
2023-07-11,1226.91259765625,1229.0051076173486,1207.2616391546826,1213.129595917475,6126128
2023-07-12,1212.9931640625,1229.9148189122855,1207.26158386156,1229.0960058756348,8102770
2023-07-13,1241.9237060546875,1252.5680534152623,1210.7641663190607,1214.4487694545699,9977644
2023-07-14,1297.2830810546875,1300.9676843031073,1256.0706748916025,1256.0706748916025,12833381
2023-07-17,1294.5537109375,1327.3053432456984,1286.68431035238,1297.2830136298498,11569884
2023-07-18,1342.0889892578125,1344.5908499157708,1300.057774626354,1304.6066121862784,16743977
2023-07-19,1341.8616943359375,1363.559740717556,1328.8975058703597,1351.9146708665796,13687062
2023-07-20,1318.7080078125,1338.2680093081667,1310.7020092897064,1338.2680093081667,8347221
2023-07-21,1211.446533203125,1228.1862795203028,1187.2467368696261,1201.0751601871634,45548305
2023-07-24,1215.995361328125,1228.0953149237007,1213.8574296627578,1219.998361010124,8859789
2023-07-25,1214.176025390625,1221.6816093803704,1204.7599513237074,1216.3594902169505,6801982
2023-07-26,1227.139892578125,1228.186147433356,1218.5426339683336,1221.817774817035,5528885
2023-07-27,1231.0518798828125,1240.7409256938317,1225.502320501502,1236.0100681947933,9191861
2023-07-28,1219.5433349609375,1240.7863838959101,1215.4493812068724,1231.6887088868766,6122735
2023-07-31,1233.371826171875,1235.0094521881804,1212.9475890459607,1227.0489861059361,7902180
2023-08-01,1242.0146484375,1245.471809643269,1234.55459874793,1239.1034366209878,6064652
2023-08-02,1234.4180908203125,1248.1555587567932,1226.7760211098619,1245.7447635687552,7419145
2023-08-03,1241.1959228515625,1243.2428998554956,1227.2764348025732,1228.186202359877,6503741
2023-08-04,1253.9781494140625,1260.8469392172133,1239.1034713632262,1245.380890015176,5712345
2023-08-07,1267.3062744140625,1269.1258096249944,1252.7499927266074,1262.6664818373094,3729093
2023-08-08,1264.7589111328125,1267.8067215289614,1259.482325527499,1267.1698175564386,4161877
2023-08-09,1268.5799560546875,1270.0355619948482,1257.7536994683937,1259.1183508602219,4090828
2023-08-10,1263.7581787109375,1269.853688398212,1260.5739920409878,1266.0325977609016,3873025
2023-08-11,1248.0648193359375,1270.8090122423607,1243.698000931282,1266.3966610296404,5783517
2023-08-14,1267.806640625,1269.1257591782453,1242.378570429603,1248.0646177377491,4304135
2023-08-16,1290.50537109375,1291.824489722674,1278.5874374632606,1283.5002048304689,7735313
2023-08-17,1284.1824951171875,1291.8699868845008,1279.1332405349353,1291.8699868845008,5618346
2023-08-18,1263.4852294921875,1281.5895150593437,1261.0743232513742,1277.0406772674733,5134103
2023-08-21,1278.5875244140625,1280.0431304963236,1261.9842641926284,1264.3496379582555,3032722
2023-08-22,1277.0863037109375,1279.178813670877,1270.6269757839684,1277.9505385325194,2890714
2023-08-23,1280.9072265625,1288.7767383819312,1278.8148277508842,1288.2309000421885,2559125
2023-08-24,1295.14501953125,1296.4642490688886,1286.820624510391,1293.2345299499723,5171963
2023-08-25,1291.9609375,1294.14440193583,1284.0460038576823,1285.5016097963642,4307172
2023-08-28,1287.9124755859375,1296.236871016697,1284.0459634347399,1291.9608968278883,3133464
2023-08-29,1289.73193359375,1295.8728642902074,1287.5940021549932,1295.508935074852,3074444
2023-08-30,1305.653076171875,1307.0177276584382,1295.5091445772975,1298.2384475504239,3070887
2023-08-31,1305.9259033203125,1314.5232740786394,1299.7395500542452,1305.653039664003,9792735
2023-09-01,1313.5679931640625,1315.524015813637,1299.3301072963106,1301.8319683222358,3582133
2023-09-04,1332.9002685546875,1337.3581512700403,1305.2433158683236,1312.794430124264,4609014
2023-09-05,1345.4552001953125,1346.5014550487228,1325.0763856474239,1332.8094095252152,5496840
2023-09-06,1344.135986328125,1349.0942859762029,1331.2628646848657,1348.1845184505673,5075786
2023-09-07,1333.901123046875,1340.4515159698167,1330.1256765994524,1337.90412243496,4411743
2023-09-08,1336.994384765625,1341.679709913553,1328.442547485381,1331.4448248574233,3125838
2023-09-11,1343.226318359375,1344.6820353527714,1332.3546400444875,1336.994432557999,4182226
2023-09-12,1365.652099609375,1368.2904478169532,1343.8176775697427,1348.7304447397828,6793161
2023-09-13,1363.1502685546875,1369.2002453382354,1354.3255672096375,1369.2002453382354,4804686
2023-09-14,1370.9742431640625,1376.0690305788348,1363.8781225031132,1369.200240762729,6444213
2023-09-15,1375.204833984375,1381.3912987705646,1372.8394601739947,1381.0273694792074,8657816
2023-09-18,1357.19140625,1369.1093400919283,1353.7342448047293,1369.1093400919283,3991916
2023-09-20,1355.7811279296875,1360.193478454991,1342.9988490854248,1342.9988490854248,4169337
2023-09-21,1366.243408203125,1368.790801746706,1342.8168939622524,1352.4149859666784,6779195
2023-09-22,1361.14892578125,1370.9743500134687,1351.1869031313713,1357.2824131721045,5455613
2023-09-25,1341.1339111328125,1355.417217832278,1338.7685376167728,1355.417217832278,4217863
2023-09-26,1328.85205078125,1346.3650768655104,1327.3509120486192,1345.682751173916,3996528
2023-09-27,1334.6290283203125,1336.994401796738,1319.2085123948889,1324.6215850268404,3863586
2023-09-28,1309.5648193359375,1339.723634998435,1305.5163982722486,1335.447772053514,5814602
2023-09-29,1305.9259033203125,1316.251854791077,1288.2309672949007,1302.8782039633304,6068968
2023-10-03,1304.6068115234375,1307.3361144764153,1292.143039127087,1306.4718796302209,4181867
2023-10-04,1314.022705078125,1319.1173810169118,1290.2322620419864,1296.41872564626,4510406
2023-10-05,1331.399169921875,1342.498399775706,1319.3447508504619,1320.98237673146,7384621
2023-10-06,1345.2733154296875,1350.5500119701062,1331.2629831328265,1336.9034978713848,3598672
2023-10-09,1342.3165283203125,1356.4634585781648,1330.2621079137662,1332.7185470073355,3567552
2023-10-10,1360.239013671875,1361.9220614766054,1336.5395238912695,1350.0041284403374,5688951
2023-10-11,1359.5565185546875,1381.2544503303143,1347.7749632786295,1361.9218917467351,7220129
2023-10-12,1333.264404296875,1368.654385789573,1320.982541821264,1357.2822909047482,11081662
2023-10-13,1302.013916015625,1308.2458018313064,1273.6746332154582,1278.2234711912276,17973439
2023-10-16,1304.7432861328125,1313.3405459284356,1300.967728206962,1302.8782180442538,4850745
2023-10-17,1312.294189453125,1322.2106781963569,1308.2913009819003,1310.2927452175127,3923764
2023-10-18,1310.5657958984375,1322.8021260257406,1308.5642404911625,1311.8849145317179,4264837
2023-10-19,1304.2882080078125,1309.7468130472434,1297.4194189109537,1297.4194189109537,6795691
2023-10-20,1298.4656982421875,1308.7005828841384,1296.6461631947295,1300.9675589324422,3928622
2023-10-23,1281.5440673828125,1303.1055136577397,1278.4508355358098,1296.964582762976,2636516
2023-10-25,1262.5601806640625,1292.5103316871437,1254.4966784655405,1289.2388086550927,6940777
2023-10-26,1252.7919921875,1266.2004921783227,1246.940214740459,1248.7372916684367,6357656
2023-10-27,1272.052001953125,1276.3371998881837,1256.6622771033196,1256.6622771033196,4634358
2023-10-30,1269.0111083984375,1272.0521334622172,1256.155513264206,1272.0521334622172,2667696
2023-10-31,1261.039794921875,1272.7894712580314,1256.0634389161826,1271.6835518717269,3451595
2023-11-01,1247.9075927734375,1269.3794791877367,1245.603735057758,1265.324779602583,3090672
2023-11-02,1262.6524658203125,1268.3199791238953,1254.819348447591,1262.5142118386507,3758060
2023-11-03,1280.069580078125,1282.7880874213406,1269.6560973022642,1271.7756915818663,3349045
2023-11-06,1293.2015380859375,1296.8415885050185,1281.6822487938339,1284.5390100396637,2736381
2023-11-07,1294.1231689453125,1295.5976155760281,1285.4145181543718,1290.1604881630135,2272209
2023-11-08,1281.8665771484375,1294.7681818070128,1277.6735106371746,1294.7681818070128,3550635
2023-11-09,1266.9375,1287.856483391317,1262.5601702711208,1286.3820369286211,5498051
2023-11-10,1261.4544677734375,1265.4171487849635,1254.2203756878132,1262.4681428598753,2943649
2023-11-13,1265.78564453125,1273.9872886097166,1263.2974105189112,1271.5912989072524,3462092
2023-11-15,1299.836669921875,1303.062071087934,1283.7096640915788,1289.2389232333946,8551860
2023-11-16,1331.537841796875,1339.3709592887674,1299.9288638617754,1304.9973516506468,6673907
2023-11-17,1324.764404296875,1337.1591147047359,1322.4605464148888,1327.9898053316556,4901251
2023-11-20,1323.888916015625,1338.0807035519097,1321.1704086192708,1328.8652717092657,3584210
2023-11-21,1326.100830078125,1336.2378065415437,1324.0273576196985,1328.8654600226937,3793135
2023-11-22,1343.42578125,1344.4854659823166,1323.520357257011,1323.520357257011,3108786
2023-11-23,1335.5465087890625,1352.733312304696,1334.1180718038254,1352.733312304696,3186928
2023-11-24,1324.6260986328125,1338.6796311644991,1321.3545755708367,1332.1366975336039,2973195
2023-11-28,1329.510498046875,1331.6300926725826,1315.0884351345396,1330.7085493558543,3755373
2023-11-29,1345.08447265625,1346.0981477081089,1336.0534165206054,1337.251355220777,3875778
2023-11-30,1340.9835205078125,1346.0520077696415,1335.8229014307437,1339.2325660460233,10120867
2023-12-01,1338.357177734375,1345.3608832594507,1332.6896647955414,1345.3608832594507,3489187
2023-12-04,1349.4617919921875,1356.4194883018783,1335.592634024112,1345.8677509348179,5511948
2023-12-05,1339.8778076171875,1351.8118605948976,1328.8654104130064,1350.7981854850148,5123039
2023-12-06,1358.631103515625,1361.1192250096171,1337.2052253968209,1342.4579763254974,5269178
2023-12-07,1350.89013671875,1357.2948166644478,1347.1118322726165,1357.2948166644478,4424453
2023-12-08,1374.1591796875,1377.4305905862009,1351.2127312666094,1355.0371580856024,6323433
2023-12-11,1371.717041015625,1380.471701337861,1365.727010268832,1373.0993558033465,3862018
2023-12-12,1360.243896484375,1373.0993792323097,1352.5029110424384,1361.5800891380788,6103494
2023-12-13,1335.316162109375,1360.2439518858023,1320.7097241735976,1360.19782972632,8549258
2023-12-14,1383.6510009765625,1392.4517835867966,1346.697140932601,1348.5863495012065,12489858
2023-12-15,1454.5638427734375,1463.917528966799,1401.6672393803897,1403.5564479809898,18395389
2023-12-18,1441.6162109375,1468.0184484698,1437.884028140626,1444.9337442546357,6467243
2023-12-19,1436.040771484375,1450.4628321473872,1422.1715017334877,1446.9149134299466,4221721
2023-12-20,1415.8590087890625,1459.2636714338232,1409.9611097529205,1442.2612442252062,6592367
2023-12-21,1415.490478515625,1425.3049369492605,1401.8977151314416,1401.8977151314416,5319038
2023-12-22,1440.280029296875,1443.136790994993,1403.510429556433,1414.5228268659648,6741060
2023-12-26,1422.816650390625,1426.5489455360587,1403.5103643743007,1414.5688833319446,6878067
2023-12-27,1444.150390625,1446.8228885227966,1422.8627642542663,1422.8627642542663,4225849
2023-12-28,1440.049560546875,1445.8552154390939,1432.9997322913293,1445.8552154390939,5702253
2023-12-29,1421.8489990234375,1437.1004712006081,1419.1765012951132,1420.144166634131,4388990
2024-01-01,1429.6361083984375,1434.8428502960069,1414.7992844681723,1418.255071679868,2808451
2024-01-02,1414.015869140625,1427.6086309615123,1403.5102544550214,1424.7057474638627,5396313
2024-01-03,1373.0992431640625,1400.699414497554,1371.2561569316276,1400.699414497554,7550363
2024-01-04,1394.0185546875,1400.5154801817102,1375.7720641918393,1386.8765938574895,7056038
2024-01-05,1412.31103515625,1418.8999788505123,1388.07440470264,1388.5351762892633,8895403
2024-01-08,1403.3260498046875,1415.4903752195028,1394.52526712299,1408.9934505703893,4440136
2024-01-09,1409.3160400390625,1431.1565685607613,1406.1366485499625,1420.9274616897512,4412074
2024-01-10,1400.6534423828125,1414.983370728282,1386.9224270844938,1405.3071677486228,4096845
2024-01-11,1376.9698486328125,1405.3534251009314,1369.9661425866611,1405.261293276588,11296088
2024-01-12,1486.21875,1491.056851650907,1433.368271607278,1439.450434041234,26754401
2024-01-15,1522.4815673828125,1534.3233755421343,1507.6447436874366,1515.8925107048797,13228305
2024-01-16,1503.5438232421875,1519.1639351762556,1497.5076704042556,1515.7542704008683,6500917
2024-01-17,1511.51513671875,1518.2424471875822,1493.1303945709744,1493.1303945709744,9209876
2024-01-18,1513.7269287109375,1519.6248280436816,1500.5028054955274,1513.7730508709333,6375464
2024-01-19,1529.0244140625,1534.830181149936,1515.1552565650597,1522.0207083253042,4522736
2024-01-23,1513.312255859375,1543.3084208611072,1509.2113209406687,1520.6384796288353,9401255
2024-01-24,1543.9534912109375,1548.1925674088009,1515.938555587784,1529.6695716902016,8999681
2024-01-25,1538.1478271484375,1548.6995649327355,1527.9187194984197,1541.695746187862,8865304
2024-01-29,1526.62841796875,1547.5935254301967,1518.3345293026832,1534.5076571987393,4253785
2024-01-30,1521.8824462890625,1557.4079810311105,1518.9335530973535,1532.0194213135253,4995943
2024-01-31,1530.5911865234375,1536.4429635862402,1509.5799556993886,1518.93364206389,6763779
2024-02-01,1527.043212890625,1545.4279548337279,1520.8688059210901,1529.3470709031976,5760011
2024-02-02,1560.4952392578125,1583.6720744845543,1534.3695106294924,1535.3371760388302,7858483
2024-02-05,1554.8275146484375,1567.314468982549,1549.897281431008,1561.7852102355873,3634135
2024-02-06,1593.7628173828125,1597.034340689009,1542.6171705805966,1554.4129683538292,7694265
2024-02-07,1560.8638916015625,1593.3482914120157,1554.5052206294124,1593.3482914120157,4613877
2024-02-08,1559.34326171875,1572.4752526176906,1550.7729772594932,1564.7803892211357,5919715
2024-02-09,1538.378173828125,1560.080561966992,1529.577503446997,1552.5238399589869,4600004
2024-02-12,1548.28466796875,1560.1264752853303,1539.2996220000239,1539.2996220000239,3555808
2024-02-13,1552.3856201171875,1556.5785741207376,1532.9870910403704,1550.9571831806093,2696481
2024-02-14,1535.47509765625,1538.4701127886613,1507.1837689411561,1529.9458389502597,3768579
2024-02-15,1544.8289794921875,1555.3345948697918,1531.2362167759502,1545.428005093551,4834391
2024-02-16,1568.1439208984375,1574.9172405402414,1555.5187122701257,1556.4863775731233,4880654
2024-02-19,1566.39306640625,1577.2211990906292,1555.2884257624896,1571.2311682439513,3690993
2024-02-20,1553.03076171875,1561.324650966914,1537.8252980971156,1552.800375906301,3706389
2024-02-21,1525.660888671875,1542.6633157025528,1516.2150708785946,1542.6633157025528,4300508
2024-02-22,1549.4366455078125,1552.4316609246032,1515.3856690741432,1534.3694366019563,5841277
2024-02-23,1545.2896728515625,1565.194983220865,1540.728079066558,1563.8587905950133,5373072
2024-02-26,1529.89990234375,1543.5386736406174,1515.9385009458492,1543.5386736406174,2782438
2024-02-27,1533.0792236328125,1539.9907975363865,1523.1266247075048,1530.683233844853,5159088
2024-02-28,1540.129150390625,1555.380736114235,1531.6509975218291,1538.9772213327412,3188916
2024-02-29,1542.5711669921875,1550.2660301238518,1523.5873997921522,1534.369410109207,7814722
2024-03-01,1524.8775634765625,1540.7741844629486,1521.4678984651173,1538.0556768856939,6387291
2024-03-04,1508.7506103515625,1533.862664687169,1505.4791992091916,1527.7805015485362,4445156
2024-03-05,1480.459228515625,1508.888815229402,1476.312283897934,1505.8016678459578,4596579
2024-03-06,1490.642333984375,1493.0383239437163,1452.3521668225044,1477.0495710017406,6420684
2024-03-07,1489.62841796875,1500.686936051952,1478.339514092148,1489.7666719434026,6348359
2024-03-11,1475.0220947265625,1487.186533050453,1463.4106723438592,1481.9797912201366,6752895
2024-03-12,1486.403076171875,1497.5077168540815,1472.303532549028,1474.4691365947879,4614222
2024-03-13,1484.974853515625,1497.0470479006656,1473.1330449489747,1486.3571684259673,5688997
2024-03-14,1523.5872802734375,1527.6881021467038,1481.8413320777559,1487.7392305249352,8803799
2024-03-15,1505.8016357421875,1516.6758908384104,1491.3794617139743,1512.344570167545,11809997
2024-03-18,1476.9112548828125,1504.5575513115562,1473.4093456712776,1502.11543929507,4958904
2024-03-19,1438.943603515625,1473.5475961267095,1435.764324431153,1467.4193112677192,6870411
2024-03-20,1432.95361328125,1451.3844780457566,1430.5576233604784,1440.3720813461923,4759059
2024-03-21,1432.7232666015625,1453.2276042120811,1422.309895221054,1441.2936639483573,11062497
2024-03-22,1390.470458984375,1408.9474454626866,1380.6560012352104,1401.6672315575609,14673890
2024-03-26,1375.54150390625,1389.1802760076575,1371.164173630106,1374.9424783172167,8351081
2024-03-27,1367.431884765625,1381.3932870499673,1365.3124028550521,1378.628657389427,6857402
2024-03-28,1380.5179443359375,1393.189164332538,1370.47310016729,1370.47310016729,12499530
2024-04-01,1378.1217041015625,1409.9149438246613,1375.6797046680076,1405.3533500790074,6580002
2024-04-02,1366.51025390625,1376.0021934625806,1364.6671675840935,1368.3533402284065,7279400
2024-04-03,1364.483154296875,1377.7994104204233,1359.2764119828664,1362.962585303498,8736248
2024-04-04,1370.058349609375,1378.306229462609,1352.825535267705,1373.6063812324333,11186915
2024-04-05,1363.054443359375,1370.0581487632178,1360.2438042627782,1363.9299768430176,5072482
2024-04-08,1360.8427734375,1373.9747637962018,1358.4467836601393,1366.6485404880466,6610887
2024-04-09,1377.56884765625,1395.0321590156452,1370.6112639030227,1373.0993855776476,9423230
2024-04-10,1388.5814208984375,1391.3920603288602,1368.0770834855082,1382.6373994109804,6744595
2024-04-12,1368.26123046875,1388.581302495331,1363.4231287950938,1386.0009366054892,12275616
2024-04-15,1352.9637451171875,1374.8964069734686,1346.420810540168,1363.884010132131,8531224
2024-04-16,1303.4769287109375,1340.9838100424993,1302.1868580329226,1337.1593826933124,16173541
2024-04-18,1307.9002685546875,1331.3534994670702,1297.072135276183,1309.6051010829012,22107945
2024-04-19,1300.52783203125,1314.903883353496,1270.5776782377934,1276.3373231980736,20603621
2024-04-22,1320.341064453125,1324.1193692022916,1302.1867077963823,1308.4992564312556,5859087
2024-04-23,1329.2340087890625,1333.334831262017,1320.571479724218,1329.786912241484,4856174
2024-04-24,1318.497802734375,1330.9847568541209,1315.0881382295058,1330.9847568541209,4268213
2024-04-25,1325.59375,1331.5377710414832,1308.5913232271268,1308.5913232271268,9089398
2024-04-26,1318.0372314453125,1331.9986341616486,1315.0422158870554,1326.7457701482465,8062444
2024-04-29,1322.18408203125,1326.8379201034072,1316.1940513407444,1317.7606297548816,5055957
2024-04-30,1309.0982666015625,1323.8429581264434,1306.3336369406475,1322.1380131744238,6936588
2024-05-02,1303.4769287109375,1312.2777125811695,1301.0809385320886,1302.140735868815,10076354
2024-05-03,1305.1817626953125,1313.0148803966708,1293.109456008172,1310.5266461015717,8842345
2024-05-06,1314.0284423828125,1332.2749298443393,1305.9188174045357,1308.5913151241766,6445422
2024-05-07,1327.8975830078125,1330.1093091097507,1304.5364861962978,1313.1528923189749,6080661
2024-05-08,1315.318603515625,1326.791770914921,1313.751912640343,1322.6448266752147,6234983
2024-05-09,1326.607421875,1336.1913801730982,1313.060670734901,1315.5489046143746,6088406
2024-05-10,1313.10693359375,1323.289918499904,1302.1405469699123,1322.460619610937,8777481
2024-05-13,1311.7706298828125,1313.1990668474873,1300.481725623948,1313.1990668474873,3735954
2024-05-14,1312.922607421875,1321.2626187308836,1306.7944348778417,1314.489298423798,3463230
2024-05-15,1308.5452880859375,1319.4656655532185,1307.2552175350827,1314.1206697254095,4327544
2024-05-16,1339.324951171875,1341.5366776212318,1315.0423073779823,1321.4469884047705,9249145
2024-05-17,1330.98486328125,1342.6884167000094,1326.3310252131012,1342.6884167000094,7542860
2024-05-21,1321.631103515625,1331.3533160495845,1316.3322305136044,1317.8066770242508,6752663
2024-05-22,1340.6611328125,1345.406990441256,1315.963729310014,1316.6548867308702,7173285
2024-05-23,1356.8802490234375,1362.17912249703,1336.2376585581328,1340.5688666610595,8641428
2024-05-24,1350.15283203125,1359.7369031866842,1345.4529845154584,1353.0557154211108,5277938
2024-05-27,1355.91259765625,1363.5153292403581,1345.6834903871545,1356.373369267408,5821844
2024-05-28,1351.9501953125,1360.197963167809,1345.7297777980132,1359.737191500069,6186922
2024-05-29,1337.113037109375,1350.5215354265988,1336.237616082271,1350.4294036068611,7401634
2024-05-30,1315.4569091796875,1336.0995011368218,1310.0198938256992,1329.6026885129104,9663150
2024-05-31,1322.4598388671875,1350.5182603744363,1315.9739443356261,1325.1858078435043,37113815
2024-06-03,1321.519775390625,1353.5731158092904,1319.7337879140582,1353.5731158092904,10589244
2024-06-04,1310.005126953125,1330.0737072910483,1276.823736979712,1324.4338187795668,13736134
2024-06-05,1344.2672119140625,1351.6930870098186,1316.1148183429186,1316.1148183429186,9233424
2024-06-06,1383.8875732421875,1385.8145809499692,1351.2232206049546,1358.2260359203012,12660930
2024-06-07,1441.555419921875,1447.289283385155,1388.5874921626576,1392.1124223339962,24075302
2024-06-10,1409.737060546875,1437.983546630723,1407.4341520864498,1433.7536304630544,6810606
2024-06-11,1405.9771728515625,1416.0349278896924,1404.2851604414927,1410.0191387512723,4853054
2024-06-12,1396.0601806640625,1418.1967861734406,1393.7572723769142,1416.5518188986746,9564320
2024-06-13,1404.2850341796875,1414.6718735675256,1399.9611430962834,1405.27206045412,7307565
2024-06-14,1399.5382080078125,1413.4498626747718,1396.8592841989566,1413.4498626747718,4237727
2024-06-18,1408.2799072265625,1416.5517883847267,1405.6480284899164,1407.151975588544,5420939
2024-06-19,1420.6407470703125,1424.6827126496337,1406.8699977638037,1414.6718886285164,5493456
2024-06-20,1424.4476318359375,1426.4215695435462,1409.125891319924,1425.2936379231433,7927010
2024-06-21,1440.7093505859375,1464.2559289959652,1432.249518545518,1452.271166938704,17301941
2024-06-24,1435.492431640625,1437.3253492351942,1424.4476516241698,1433.0485032665965,5564989
2024-06-25,1449.4041748046875,1451.237207255743,1429.1006009006553,1434.4115183965616,4551525
2024-06-26,1448.2291259765625,1455.889996430208,1442.8712785271127,1448.5111662607692,4851004
2024-06-27,1478.9195556640625,1483.6665071274144,1440.0983968135813,1446.1141853395814,14757754
2024-06-28,1472.7158203125,1493.160415233066,1470.3658668733547,1478.1677581888457,8197544
2024-07-01,1495.3223876953125,1503.8761950899986,1465.900925341744,1465.900925341744,6801771
2024-07-02,1523.7567138671875,1535.7414752975033,1491.2803144467298,1500.3980870491325,10493173
2024-07-03,1529.7257080078125,1537.8095248596555,1509.6100836947476,1527.469729765856,7269965
2024-07-04,1551.5802001953125,1560.3690026530594,1530.2896001922775,1530.4775505601317,8008311
2024-07-05,1548.572265625,1565.8679458210338,1535.3185512266714,1552.332191113537,7065022
2024-07-08,1561.920166015625,1566.009062287117,1541.5695451085667,1544.4834645926285,5880533
2024-07-09,1557.6900634765625,1566.7138611771477,1551.9091554243114,1560.2750121000736,5191182
2024-07-10,1549.32421875,1573.5287378659184,1539.2664644712022,1557.5490553427878,9852770
2024-07-11,1553.507080078125,1565.0688961998292,1543.4963708254108,1556.6090643284788,8857679
2024-07-12,1609.0130615234375,1616.5329122564228,1566.6199259649964,1579.1686539269024,17078316
2024-07-15,1604.59521484375,1624.2877782953476,1600.4592739409936,1622.5957659620963,6942230
2024-07-16,1622.454833984375,1633.593589888385,1597.9682742375035,1615.4519041715741,6886281
2024-07-18,1652.5343017578125,1659.4431419133819,1615.827983176718,1615.827983176718,11248896
2024-07-19,1685.3394775390625,1733.3255702708213,1679.2295989019908,1733.3255702708213,29819116
2024-07-22,1702.1651611328125,1713.5859571917674,1685.3394724496927,1692.1074068427617,8462126
2024-07-23,1726.6517333984375,1729.5186076175692,1676.2217119382558,1701.3662125939957,7113056
2024-07-24,1723.878662109375,1731.7745279912915,1710.3899533806657,1727.2156416274588,6002845
2024-07-25,1715.324951171875,1721.0118842620095,1703.246213719811,1710.7660645530111,5815599
2024-07-26,1766.1309814453125,1769.9848820315087,1715.7949342558115,1715.7949342558115,11369047
2024-07-29,1758.799072265625,1788.78450012986,1752.1252276626687,1779.9486525351583,4635931
2024-07-30,1764.4859619140625,1767.1178407699306,1748.365259289592,1758.7990290172347,2721265
2024-07-31,1756.1201171875,1772.0058245898792,1753.1122228334534,1764.344953812893,5004209
2024-08-01,1741.4095458984375,1755.7913074406626,1734.3596852882927,1744.6994808498382,7475014
2024-08-02,1711.8939208984375,1747.895251074617,1707.147084115294,1732.3855594141,7400938
2024-08-05,1646.7532958984375,1689.6164211011132,1615.4049418548652,1677.8196096487513,10736703
2024-08-06,1646.0013427734375,1689.0994653436978,1640.126459251215,1654.5551502330297,7690163
2024-08-07,1684.11767578125,1689.9925594528395,1656.341179884447,1688.2065718679119,5094329
2024-08-08,1638.5284423828125,1673.1196857214622,1623.4416964698462,1673.1196857214622,6227910
2024-08-09,1664.471923828125,1673.8717370362467,1650.6071993461458,1664.9419144885312,4258524
2024-08-12,1689.5223388671875,1695.2562016016923,1661.980842064797,1666.633818145862,4315329
2024-08-13,1689.5693359375,1701.366147109179,1681.673584839887,1701.366147109179,4176918
2024-08-14,1713.821044921875,1715.4660123309595,1689.5694795075585,1693.8464406687062,7450718
2024-08-16,1747.3782958984375,1750.1042647796944,1719.6958908608178,1738.9655086594769,7335657
2024-08-19,1752.877197265625,1755.4621458747317,1738.2133969970967,1748.3652410685681,2585989
2024-08-20,1759.8330078125,1772.5227558229078,1756.0730824760828,1767.1649081160394,3870333
2024-08-21,1760.3028564453125,1766.2247842698705,1755.0389843478197,1762.5588344138969,1966902
2024-08-22,1767.39990234375,1779.9956751616294,1757.4830533776285,1770.9248323444356,4300287
2024-08-23,1750.3392333984375,1769.6088509029312,1745.5453515046195,1765.4729100507645,5015935
2024-08-26,1763.5460205078125,1775.3897624868237,1752.125224235838,1757.7651122966831,3728589
2024-08-27,1786.05859375,1788.5495673509674,1761.431127538951,1763.5460856398784,3830679
2024-08-28,1822.7177734375,1833.903574209478,1783.5205978872887,1792.450420519267,6514531
2024-08-29,1817.31298828125,1833.4336919875568,1805.6102659320495,1816.9840177451665,7228284
2024-08-30,1827.0416259765625,1832.9635541258785,1812.2839653100993,1821.6837784081808,13466759
2024-09-02,1846.5933837890625,1857.1681741009113,1826.195834151735,1826.712755054023,5573739
2024-09-03,1824.73876953125,1848.9432889467964,1820.2268132183985,1848.9432889467964,4694322
2024-09-04,1807.0670166015625,1811.5319278069883,1786.0115271331308,1805.7980647866775,4778310
2024-09-05,1817.1248779296875,1823.5637269032381,1794.9882723576418,1810.638983993486,4081810
2024-09-06,1787.7034912109375,1820.2738676395406,1783.00358450389,1806.6441381891027,5848106
2024-09-09,1780.935791015625,1805.5632579164233,1775.624873131343,1776.5648545358595,4772612
2024-09-10,1797.5263671875,1818.8638977650467,1782.2046254069915,1790.5704823041315,6909600
2024-09-11,1795.50537109375,1810.4040523138208,1790.6644442667855,1799.7822173243185,5312946
2024-09-12,1833.386474609375,1838.9794321721197,1796.116307982983,1809.463996501208,8555092
2024-09-13,1827.4176025390625,1841.0473312410704,1819.47480653783,1833.38646078049,3843127
2024-09-16,1833.198486328125,1834.8434535636457,1817.0308542536736,1828.9685705796433,1570181
2024-09-17,1835.3604736328125,1840.906271327735,1825.5846454813945,1830.8485176417557,2793127
2024-09-18,1778.585693359375,1822.388800311061,1768.3869188956942,1822.388800311061,6385468
2024-09-19,1780.5125732421875,1809.370068657787,1766.036952686509,1795.9282898631557,7976570
2024-09-20,1791.36962890625,1800.0644572244357,1755.3213636385367,1790.664642826397,15242974
2024-09-23,1782.6275634765625,1803.73021337189,1765.7078993837924,1794.4243751721033,3636672
2024-09-24,1784.6485595703125,1796.210376017183,1759.0811128709156,1774.6847802570394,7277616
2024-09-25,1781.5467529296875,1787.4685667691454,1764.1570974239128,1773.1338507441149,4268341
2024-09-26,1786.199462890625,1802.8370859804254,1779.3845984749128,1783.896554606288,8952803
2024-09-27,1792.3094482421875,1856.0871602157958,1789.0665584656958,1816.137952637302,14908931
2024-09-30,1763.0289306640625,1787.1394743316184,1758.2350489085036,1767.1648713969455,6986955
2024-10-01,1790.0533447265625,1794.3772357071236,1762.464916843665,1762.464916843665,4029072
2024-10-03,1779.7606201171875,1797.1032292411892,1768.1048290238766,1776.0946700907043,7503887
2024-10-04,1803.025146484375,1836.8174281895435,1772.8047248589348,1776.141704358394,10001483
2024-10-07,1818.2060546875,1825.4438655173053,1801.0513942623245,1807.7721694283628,6112575
2024-10-08,1831.6007080078125,1840.436440915146,1791.9334261359113,1821.5898836675146,5637391
2024-10-09,1835.5484619140625,1858.3430081700687,1828.3575821051584,1835.3605115538048,4857163
2024-10-10,1803.82421875,1846.1233796899428,1799.2182871655539,1840.3895163779584,4782119
2024-10-11,1818.957763671875,1830.1435639245415,1795.4582315208152,1802.884106629312,4709431
2024-10-14,1841.32958984375,1851.2933697481615,1815.1980609916643,1816.1850873604988,3751378
2024-10-15,1841.70556640625,1871.9258760220825,1834.6086610794148,1842.3635074756771,5353705
2024-10-16,1804.8582763671875,1841.9406117141925,1801.3333460914546,1837.66365041544,3111512
2024-10-17,1849.9771728515625,1859.2830106666543,1814.304928428157,1819.0517651449982,8162822
2024-10-18,1766.788818359375,1820.6027474745542,1757.0600349091483,1780.1366215888147,10526196
2024-10-21,1741.5504150390625,1784.8366013292746,1727.6856903747387,1777.5986762175419,4654601
2024-10-22,1740.46923828125,1765.0968155765634,1736.0983025734054,1746.6730915066728,4125240
2024-10-23,1760.9610595703125,1772.804801466981,1733.3255853155424,1734.500561986716,4311910
2024-10-24,1751.5142822265625,1770.9249206806642,1748.3653675509743,1749.6813644323036,2906475
2024-10-25,1750.292236328125,1763.7339001545147,1735.581505943881,1751.60811836117,4689120
2024-10-28,1753.394287109375,1768.951025226307,1745.5454653432146,1748.0833692337449,7018940
2024-10-29,1748.5933837890625,1760.2867290719619,1738.8012907344037,1754.9629211020826,4621252
2024-10-30,1713.2276611328125,1748.3079249245552,1707.76122797984,1741.653136738328,5919715
2024-10-31,1670.5897216796875,1699.7282140714156,1660.369867072741,1699.7282140714156,7395236
2024-11-01,1674.011962890625,1678.9080088899161,1665.6460129974564,1677.4819828348002,371966
2024-11-04,1676.674072265625,1679.8588408591163,1633.2753189564019,1639.454765739415,7336722
2024-11-05,1667.68994140625,1681.2371893406507,1658.9436944231081,1673.2039554066878,3160880
2024-11-06,1733.762451171875,1737.0898453384439,1675.723259696614,1677.0066599508023,10421494
2024-11-07,1714.1309814453125,1735.6638830746192,1698.8724555004114,1723.5426610222241,4550965
2024-11-08,1739.704345703125,1749.829154713953,1723.7329222391422,1728.3437169759088,4210960
2024-11-11,1768.367431640625,1775.8778590726738,1732.669314114394,1738.8011800020988,3804234
2024-11-12,1776.638427734375,1788.2367269114475,1769.223045604574,1778.8249314544848,5012450
2024-11-13,1776.258056640625,1780.821270333326,1764.7548031409274,1769.3180168336285,4257495
2024-11-14,1772.5980224609375,1783.4833086013102,1764.469627272938,1773.5961711004963,4311431
2024-11-18,1722.11669921875,1758.005024675079,1706.477991896976,1758.005024675079,4839244
2024-11-19,1734.7607421875,1767.987103735295,1730.7679155470983,1735.4737552340218,4669769
2024-11-21,1743.6021728515625,1774.9271666789355,1730.8154024223286,1751.16006482196,5436504
2024-11-22,1808.4388427734375,1819.6569616576032,1743.554652462339,1762.6633798054363,6301486
2024-11-25,1796.507568359375,1824.647908539123,1789.187347735094,1821.5106048142616,12764638
2024-11-26,1829.2587890625,1842.9961275482167,1803.7329448177684,1811.00558516297,6850495
2024-11-27,1829.591552734375,1845.6581372544963,1817.4703304442407,1834.9153604909611,4447143
2024-11-28,1765.087646484375,1820.4649949645564,1760.3342260139732,1820.4649949645564,8468790
2024-11-29,1766.2283935546875,1784.4340168837268,1754.0121263454853,1759.811276019277,5244346
2024-12-02,1787.095947265625,1789.9479994533772,1744.6953452341356,1767.3216723437565,2868263
2024-12-03,1798.789306640625,1806.0620629902432,1778.8725217831325,1793.9408410909798,4715792
2024-12-04,1796.0799560546875,1819.56180716774,1782.5327074778559,1791.0888644737497,4705573
2024-12-05,1839.4310302734375,1853.7388717964993,1795.7946087095554,1806.2997139926326,9050038
2024-12-06,1827.594970703125,1842.3780374823932,1818.0881305684336,1837.4821076532628,3573331
2024-12-09,1828.783447265625,1835.0103583375276,1803.6377838079438,1829.3062538776032,4274645
2024-12-10,1852.45556640625,1868.664660829215,1836.721697987323,1843.3764867481466,6174921
2024-12-11,1876.79296875,1880.4530791874988,1855.7352935156714,1858.5873457085745,5025612
2024-12-12,1889.0091552734375,1900.227273174294,1873.370449502188,1877.791037372581,6462130
2024-12-13,1901.0830078125,1907.5001256882165,1857.4466990978751,1872.6100645470372,5362693
2024-12-16,1882.4019775390625,1900.9877808683423,1880.072732013709,1897.0424188970678,3119221
2024-12-17,1879.1221923828125,1884.2559097971648,1861.439491111427,1870.9463322304846,5811050
2024-12-18,1881.5465087890625,1887.060407082662,1864.861955978867,1869.8055830579622,3064095
2024-12-19,1850.2213134765625,1863.1031292043601,1825.3134369549032,1838.623014099366,5323592
2024-12-20,1827.3575439453125,1882.3070176382269,1816.9950636033855,1877.7438033938301,11056720
2024-12-23,1829.4014892578125,1844.3271834459897,1814.855975875461,1834.867922920088,2781793
2024-12-24,1814.903564453125,1846.2285597653754,1749.2587795923225,1832.0158786013108,2360544
2024-12-26,1813.3348388671875,1825.0757640546135,1808.4863732653307,1814.9034908105154,3623321
2024-12-27,1822.2237548828125,1829.25884045684,1810.007487366256,1815.236249934069,3937500
2024-12-30,1812.0037841796875,1821.5106246003575,1793.4654453593812,1821.2253729676181,7789055
2024-12-31,1787.2861328125,1803.4477627368683,1754.0597694763478,1798.9795938249597,3613063
2025-01-01,1789.662841796875,1799.597444352464,1781.5820268405544,1781.5820268405544,1838368
2025-01-02,1861.296875,1865.8602051810894,1792.3248119514092,1793.9409285299619,7083645
2025-01-03,1843.138916015625,1856.638584673474,1827.2149563285784,1856.638584673474,6218003
2025-01-06,1842.283203125,1875.6997732327457,1832.9189877307317,1855.7354066651392,7164403
2025-01-07,1835.6282958984375,1861.9623140172655,1828.7834170796311,1849.08049857111,4294832
2025-01-08,1837.81494140625,1842.9961231909604,1795.6045452981161,1834.8202633622047,5482050
2025-01-09,1822.74658203125,1855.5926464465324,1816.3294646707038,1838.6705399259386,6833503
2025-01-10,1869.9478759765625,1880.262890374542,1836.9591870921913,1841.4749361612496,8036913
2025-01-13,1865.432373046875,1885.0165591706927,1852.8833888192748,1859.5381777991286,5804152
2025-01-14,1844.374755859375,1874.5589763818855,1835.8660634362316,1871.7543886244132,5792162
2025-01-15,1853.501220703125,1861.4869901029845,1841.5700892018165,1850.981884706997,2985439
2025-01-16,1833.3466796875,1869.948017007702,1822.3187674971882,1868.9973329214629,7533579
2025-01-17,1725.9193115234375,1766.3709642563163,1722.6394979722525,1759.7161759087412,16409953
2025-01-20,1723.87548828125,1737.8029172097529,1704.7191808636662,1733.0494968108637,4333011
2025-01-21,1711.896728515625,1741.3204695981628,1704.6240883474466,1729.3418737355341,7169109
2025-01-22,1764.8974609375,1773.7864501626696,1716.1274359637641,1718.2664752007781,8373913
2025-01-23,1773.45361328125,1786.8583519719805,1761.3323909696403,1766.3710631349807,5907471
2025-01-24,1782.96044921875,1801.4513245969808,1772.312833717117,1773.501188842313,4887027
2025-01-27,1732.1463623046875,1771.1244088768565,1722.6395216773292,1757.577160982871,7652371
2025-01-28,1739.5142822265625,1771.5998715284597,1734.9034874184256,1739.7519532584283,6999495
2025-01-29,1788.4744873046875,1795.509572949861,1749.7341097059282,1754.0121882137666,5145155
2025-01-30,1768.224853515625,1794.1309953598945,1753.0614884709362,1780.7739533235829,7336056
2025-01-31,1787.095947265625,1803.875428129993,1778.729881094765,1778.729881094765,5820470
2025-02-01,1760.049072265625,1797.3634250338325,1754.9629352894476,1787.5714479503238,1701402
2025-02-03,1771.40966796875,1784.0062318529979,1742.0335070965566,1745.4559465267448,4823228
2025-02-04,1805.158935546875,1816.947325024505,1782.5326085489075,1795.8421853594061,7334787
2025-02-05,1803.4952392578125,1825.0281403385413,1800.88085809743,1812.0038151596648,4996744
2025-02-06,1821.1781005859375,1829.1162899648602,1806.2998705474192,1822.4615009681065,4765255
2025-02-07,1809.769775390625,1828.8309215990796,1796.2699917999128,1824.648004479721,4126260
2025-02-10,1787.5712890625,1811.0531389851265,1785.9550565261386,1811.0531389851265,3828734
2025-02-11,1783.150634765625,1809.1518213900456,1777.7792464526458,1790.2331848086437,4411601
2025-02-12,1771.26708984375,1801.1660581275596,1755.9135185424811,1792.0395140512057,5633947
2025-02-13,1752.348388671875,1781.1065814060805,1745.1232130462338,1776.353161119435,5237744
2025-02-14,1764.849853515625,1767.606860408019,1738.1831200991312,1762.5681886374266,5292961
2025-02-17,1751.4453125,1761.3799146336082,1732.2890052365772,1747.880247229523,4428956
2025-02-18,1760.619384765625,1769.8410902296603,1746.977091046225,1751.445375977347,4365260
2025-02-19,1721.498779296875,1758.004955145868,1716.840404092615,1756.2937934312417,4611411
2025-02-20,1735.14111328125,1740.7025920720746,1716.5077280780874,1716.5077280780874,2218020
2025-02-21,1725.4915771484375,1739.6092122968646,1717.1255109603246,1731.956275207461,3379879
2025-02-24,1677.1016845703125,1718.8367369576058,1663.9347338827708,1711.2788452920981,7594720
2025-02-25,1680.524169921875,1690.744023588038,1659.0863139546623,1659.0863139546623,5092963
2025-02-27,1677.2918701171875,1688.2722009652173,1664.7427713690586,1668.640552657757,5757079
2025-02-28,1604.469482421875,1668.5456129045258,1599.478390980019,1668.4981483304996,12182167
2025-03-03,1624.3388671875,1643.3525496222132,1608.8427856333933,1608.8427856333933,7504969
2025-03-04,1605.0399169921875,1615.212189837081,1587.642352576766,1611.4094536632444,6759673
2025-03-05,1627.0958251953125,1647.4879525703643,1608.9852468032536,1608.9852468032536,8180782
2025-03-06,1631.231201171875,1637.3631829139892,1607.7017709749155,1630.4231429408271,10610547
2025-03-07,1602.853271484375,1620.9162680194895,1592.8710891886537,1619.109945155919,8019331
2025-03-10,1617.5413818359375,1634.225933863566,1593.5366088108908,1602.8533592169706,7558981
2025-03-11,1579.6566162109375,1597.1492261839649,1556.3173920894415,1597.1492261839649,12671234
2025-03-12,1512.395751953125,1556.174800445261,1486.6798171088662,1556.174800445261,14870008
2025-03-13,1501.938232421875,1526.8462251444753,1492.8592690164621,1520.381526929375,7822888
2025-03-17,1511.63525390625,1515.3904095675546,1468.949515897204,1468.949515897204,7526032
2025-03-18,1511.63525390625,1511.63525390625,1511.63525390625,1511.63525390625,0
2025-03-19,1508.3079833984375,1523.9466912333276,1495.2360763463737,1523.9466912333276,7387068
2025-03-20,1535.8778076171875,1551.4214700841842,1513.4891497172634,1513.4891497172634,7186750
2025-03-21,1514.0118408203125,1524.8020809404113,1486.537050188091,1500.1317616699203,10074677
2025-03-24,1514.2021484375,1527.844442496362,1495.140885206093,1519.1456594946171,8857726
2025-03-25,1548.1414794921875,1555.46181670782,1525.84798372026,1525.84798372026,9890140
2025-03-26,1520.571533203125,1556.9827781599724,1516.3410356679321,1545.8122407498795,6651302
2025-03-27,1524.469482421875,1540.0606082841557,1507.7849306219216,1516.8640098840594,9426573
2025-03-28,1493.19189453125,1519.620840928022,1483.0670864043914,1511.5876072967835,6799047
2025-04-01,1451.21923828125,1471.0885586286036,1442.9957978349414,1463.3404602190724,12680733
2025-04-02,1473.703125,1478.931888061539,1459.4903266843542,1459.4903266843542,6193478
2025-04-03,1422.69873046875,1458.9673514518697,1411.8134441365378,1458.9673514518697,10459504
2025-04-04,1380.060546875,1399.4069443976105,1376.5905268259103,1388.4740776445042,9590254
2025-04-07,1327.8680419921875,1336.5668248830998,1242.5441423903983,1285.3249277060586,21715252
2025-04-08,1358.3375244140625,1384.671428260199,1345.218037067066,1360.4289830692378,12805001
2025-04-09,1334.4752197265625,1339.9416532809853,1313.7503760547593,1335.758736096975,8546854
2025-04-11,1339.941650390625,1367.844321400648,1328.1532604606723,1341.652928180614,12567440
2025-04-15,1355.675537109375,1376.3053358191778,1339.513907284088,1374.3089224037624,10178530
2025-04-16,1343.41162109375,1357.10149475882,1327.915540556106,1354.724784610381,12022740
2025-04-17,1349.49609375,1359.2881865002564,1310.327954849587,1329.0563853909828,14264227
2025-04-21,1379.442626953125,1399.2169026224717,1340.4645789137878,1340.4645789137878,15648970
2025-04-22,1352.6334228515625,1368.985143422317,1349.3060284057444,1368.985143422317,9399738
2025-04-23,1402.1639404296875,1414.4277879886072,1368.6047467603623,1374.6891479419496,11136642
2025-04-24,1398.836669921875,1409.7695375562273,1389.4248737048488,1397.4106437086987,7114292
2025-04-25,1407.20263671875,1427.6423460063365,1391.3262577852609,1402.7344676201928,8329979
2025-04-28,1409.0087890625,1416.1389193452367,1393.0373668593481,1407.2024661808139,5886253
2025-04-29,1423.6494140625,1435.3428747016321,1401.4033833138335,1408.9138107783806,8056743
2025-04-30,1426.1212158203125,1434.3922372400868,1409.4842438297574,1422.9840278751349,7704183
2025-05-02,1432.5859375,1448.082019175758,1422.4135476873855,1425.740942139582,7402310
2025-05-05,1434.2020263671875,1447.8919007730015,1428.6881281546378,1440.2864278864722,4282493
2025-05-06,1436.958984375,1440.856765886036,1425.170478593818,1431.7302219442606,4270530
2025-05-07,1433.916748046875,1443.8989302169214,1422.7936754272177,1426.0260242923393,5691799
2025-05-08,1436.864013671875,1441.7124795125974,1427.1669659401214,1433.631664427957,8424409
2025-05-09,1433.2513427734375,1436.8639888159648,1420.4171072727893,1426.6915991963783,4478653
2025-05-12,1546.6678466796875,1551.5163119444549,1456.4479104772702,1461.2013305506293,11372857
2025-05-13,1491.2430419921875,1532.6928451513845,1487.4403056280353,1529.6507024801845,12846210
2025-05-14,1513.8692626953125,1516.3410179471107,1492.0985753404327,1496.3766534474935,4870057
2025-05-15,1533.4534912109375,1538.7772990924948,1493.524758023796,1511.3976659657826,11151167
2025-05-16,1511.49267578125,1533.0731584594146,1503.5069061207216,1533.0731584594146,4576751
2025-05-19,1482.8770751953125,1506.8342676039738,1478.9791776249906,1498.7534529196623,8855798
2025-05-20,1483.637451171875,1505.4081383338412,1481.1656959419795,1492.573904126385,7143998
2025-05-21,1491.1480712890625,1493.5247816353951,1475.5568282070587,1490.5776840160047,4157309
2025-05-22,1471.18359375,1483.8277382618005,1464.0534632471729,1478.789066286349,6158990
2025-05-23,1487.6304931640625,1508.9257236923431,1473.5603223754533,1473.5603223754533,5038421
2025-05-26,1502.55615234375,1505.693456152503,1485.6339297061554,1489.3416207391451,3170102
2025-05-27,1492.6690673828125,1504.8378701621398,1479.6447417622219,1501.985817890451,7775714
2025-05-28,1494.2852783203125,1509.4010623010483,1492.5740005619675,1503.0315254066693,3623370
2025-05-29,1507.4046630859375,1529.555648703017,1498.8485063145804,1510.6370121874,8609500
2025-05-30,1506.5369873046875,1515.5027951891782,1499.2101525439637,1514.5387348868949,13148092
2025-06-02,1497.9569091796875,1503.9340358386107,1483.6887699715526,1503.9340358386107,4374509
2025-06-03,1487.5450439453125,1510.9717563250315,1480.410974183671,1502.9700087561519,6853403
2025-06-04,1495.4503173828125,1501.3311794658816,1486.0025968815146,1487.545069852834,4548307
2025-06-05,1498.43896484375,1511.3572786610305,1486.195328477135,1492.2689554139665,6948539
2025-06-06,1507.5975341796875,1512.5142181403369,1487.641415492617,1498.8244913615613,3960020
2025-06-09,1516.3704833984375,1530.9277705261318,1514.5387452749073,1521.2871674371763,2903202
2025-06-10,1538.6402587890625,1549.726952383094,1520.8051430073597,1527.0715350387688,8591925
2025-06-11,1572.4786376953125,1575.8528485433976,1532.9521677606,1532.9521677606,10597410
2025-06-12,1550.7874755859375,1569.4902701551284,1540.6648417796544,1558.8856061675938,10483574
2025-06-13,1544.4246826171875,1551.1731050755648,1513.7675163758718,1519.3591134860721,6968315
2025-06-16,1565.441162109375,1576.0458254086714,1539.7006814911979,1542.4964798976407,5591842
2025-06-17,1580.962646484375,1588.193099360836,1557.535932091381,1562.452616510744,7622083
2025-06-18,1574.214111328125,1585.589952431105,1562.7417700471647,1562.7417700471647,5629707
2025-06-19,1560.2352294921875,1571.4183055533617,1553.5831898154863,1565.5375611980423,5147760
2025-06-20,1564.573486328125,1572.0930860674746,1551.076642111549,1560.8136276168789,9202821
2025-06-23,1527.071533203125,1543.4605584963404,1518.7806380620095,1543.4605584963404,7943676
2025-06-24,1524.7576904296875,1551.172965207259,1519.9373891083474,1543.4604830931148,8083992
2025-06-25,1556.8609619140625,1561.6812632899293,1528.1319186406413,1532.8558375256184,7813533
2025-06-26,1557.9215087890625,1565.6339915058402,1548.8593180602195,1550.9803214172216,6519233
2025-06-27,1550.208984375,1571.0326636135578,1544.8102701550988,1560.8136478253264,8912268
2025-06-30,1544.2318115234375,1556.9573602116636,1536.8084767193552,1556.9573602116636,6294505
2025-07-01,1549.0521240234375,1559.5602870581276,1542.978497111504,1551.1730095922587,4178937
2025-07-02,1552.619140625,1589.735462831807,1545.7743359105034,1559.8495930029494,8653641
2025-07-03,1560.5244140625,1573.7321112354073,1556.9574379034102,1560.331649069145,5259695
2025-07-04,1581.7337646484375,1584.3367981958825,1554.3545449332526,1566.5980642699803,4411273
2025-07-07,1568.526123046875,1584.91514830305,1564.669881810128,1581.058907066303,3294523
2025-07-08,1579.8056640625,1587.0361167588558,1563.2238729521173,1569.4902652889589,4590681
2025-07-09,1574.9852294921875,1579.1307357618878,1565.248244218562,1578.937970779495,4580828
2025-07-10,1557.7286376953125,1579.998406486553,1549.341242702206,1579.998406486553,5330179
2025-07-11,1537.579833984375,1549.3413228616234,1506.8262861181436,1522.3476337948875,11391755
2025-07-14,1513.8638916015625,1534.5911874414394,1503.7412587495296,1534.5911874414394,9173426
2025-07-15,1528.614013671875,1545.967099361679,1507.790334380739,1508.8507771918205,7614807
2025-07-16,1550.112548828125,1554.0651724422496,1521.7691530397587,1522.2511831800944,6223491
2025-07-17,1526.5894775390625,1552.1370753633664,1523.3116489985612,1540.5683518202854,7374814
2025-07-18,1529.0960693359375,1541.8217363306167,1523.2153248462614,1534.8804313290245,5161833
2025-07-21,1527.36083984375,1531.8918763569468,1510.4897839367352,1523.2153333190533,3682661
2025-07-22,1514.4423828125,1528.806905141675,1508.7544033781517,1508.7544033781517,8473741
2025-07-23,1517.9129638671875,1534.6876368616054,1494.2934861823694,1519.648319505044,8035026
2025-07-24,1496.70361328125,1525.14339208434,1492.558106924831,1523.21527148752,14169664
2025-07-25,1461.2261962890625,1493.8114825426642,1456.9844249801497,1487.930738061539,10851259
2025-07-28,1461.515380859375,1464.6968268487494,1429.2193615593824,1459.4908778130184,6439855
2025-07-29,1459.2979736328125,1462.6721845547067,1442.3305365336291,1458.5267960319763,7070448
2025-07-30,1464.40771484375,1467.0106307922656,1451.8749299240865,1465.2753927209724,5719051
2025-07-31,1454.76708984375,1472.21655890233,1443.198365471235,1455.4418850255533,6851407
2025-08-01,1416.782958984375,1444.8370894973941,1412.83033538686,1440.2096707795008,8702978
2025-08-04,1427.291259765625,1429.5086455065348,1398.8514812022438,1408.9741142502269,8610216
2025-08-05,1407.8173828125,1425.5559991895734,1402.7078158601623,1425.5559991895734,10213323
2025-08-06,1385.0654296875,1403.768223634903,1378.895537719122,1399.8155998166778,10566934
2025-08-07,1385.25830078125,1390.1749848888187,1363.3740608530718,1378.6062610201184,9892020
2025-08-08,1371.9542236328125,1381.6912093691872,1366.169861688454,1373.785961785155,10048009
2025-08-11,1376.8709716796875,1381.8841562074572,1363.1813615156616,1368.8693412283471,6625368
2025-08-12,1372.918212890625,1389.2108550605094,1369.9296495773656,1376.8708364780418,9899184
2025-08-13,1375.328369140625,1382.4624387348806,1371.279363046038,1373.7858962323605,10318063
2025-08-14,1395.6700439453125,1417.1686356270611,1374.9427475738962,1374.9427475738962,12902347
2025-08-18,1384.1978759765625,1412.05912550974,1378.2206312900619,1412.05912550974,7254561
2025-08-19,1388.246826171875,1397.3090164904586,1381.2091389381637,1381.2091389381637,3986094
2025-08-20,1442.427001953125,1445.1264179190935,1388.921654258322,1388.921654258322,10413061
2025-08-21,1442.619873046875,1453.802949118853,1430.9547668193538,1453.802949118853,6565539
2025-08-22,1434.0396728515625,1450.2359327005538,1432.6899649169563,1444.258688328196,5543397
2025-08-25,1477.0367431640625,1483.6887826854402,1452.549588321255,1452.549588321255,10694531
2025-08-26,1474.6265869140625,1483.1103644867733,1464.021923789744,1468.2638125760993,15994798
2025-08-28,1446.1868896484375,1474.6266696224122,1444.162386475055,1474.6266696224122,5443364
2025-08-29,1416.782958984375,1447.922152992462,1414.951220922169,1447.922152992462,8169075
2025-09-01,1445.511962890625,1449.3682038919694,1423.145694472945,1423.6277245981132,4546057
2025-09-02,1444.837158203125,1458.4305028963795,1432.8829043510907,1445.5120710387366,5218763
2025-09-03,1425.941650390625,1447.9222736017668,1420.0609057500144,1446.09053538698,4623483
2025-09-04,1410.420166015625,1430.6654315565193,1407.6243677138264,1430.6654315565193,5787724
2025-09-05,1392.6815185546875,1419.771590084351,1381.4984423486478,1417.1686742864704,5466487
2025-09-08,1381.4019775390625,1405.5998666589085,1376.9673238557784,1398.8514448025214,3811567
2025-09-09,1450.2359619140625,1453.0316426482493,1419.5787971834648,1427.7733097648295,13072640
2025-09-10,1477.518798828125,1479.7361846012639,1455.056264347903,1455.8274419814547,7281071
2025-09-11,1455.4417724609375,1472.6020926929066,1452.3568266067848,1469.1314991861996,8003662
2025-09-12,1470.7703857421875,1487.4486761823323,1466.4321143461764,1481.7606968153777,12856963
2025-09-15,1454.1885986328125,1472.6021270614033,1447.2472937742573,1470.7703889313757,6167414
2025-09-16,1456.9844970703125,1459.5874130189484,1449.4647790449067,1454.18869843609,8923112
2025-09-17,1467.685546875,1471.830935901443,1459.58741614181,1462.3832147820146,4795698
2025-09-18,1485.2313232421875,1499.1138155530703,1483.2068200825713,1494.2935138953433,9331945
2025-09-19,1484.845703125,1495.546867150236,1465.4681136380061,1489.0875921991392,12988129
2025-09-22,1445.6083984375,1460.2620677071914,1428.7373434373958,1429.4121385641438,15655204
2025-09-23,1443.6802978515625,1458.6232324870878,1439.3420265057648,1439.3420265057648,9832164
2025-09-24,1440.884521484375,1442.909024606748,1429.4121802134027,1433.7504516255494,4937004
2025-09-25,1431.4368896484375,1448.6934761875953,1423.4351414751138,1435.4858961438838,9491867
2025-09-26,1396.8270263671875,1425.555953399892,1389.4036912657584,1421.9889772759154,8597058
2025-09-29,1389.982177734375,1412.3483294621576,1384.872611107433,1407.5280279964163,10513117
2025-09-30,1389.982177734375,1400.0083106366037,1386.4150840398418,1391.1390030128964,7556305
2025-10-01,1393.8385009765625,1397.405477197979,1376.0997670015454,1394.0312659732858,6250692
2025-10-03,1394.609619140625,1396.2485922754322,1381.6911874663804,1387.282784330546,6877533
2025-10-06,1422.9530029296875,1425.6524188431904,1390.4642178899833,1394.6096065704758,4630590
2025-10-07,1406.0819091796875,1429.6050033943986,1401.743637948074,1424.5918193613172,5570320
2025-10-08,1441.2701416015625,1444.1623224877194,1402.707729786136,1404.6358503769075,4657192
2025-10-09,1455.0562744140625,1459.5873108023447,1433.557682406266,1448.0185870707542,7028753
2025-10-10,1460.4549560546875,1467.0104954131987,1444.933608930849,1455.7310370996563,3738353
2025-10-13,1439.5347900390625,1450.6214834671307,1430.087069727637,1443.1982662450723,5859355
2025-10-14,1436.353515625,1459.9729938155936,1433.075686951717,1445.1264411305913,5600789
2025-10-15,1421.4105224609375,1435.1001315764527,1414.75848288892,1430.5690952632847,6986098
2025-10-16,1418.61474609375,1421.5069270236047,1408.0100826842827,1420.9285143742625,8005748
2025-10-17,1389.3072509765625,1405.9855409539045,1382.462446500531,1402.6113299617484,16959378
2025-10-20,1408.395751953125,1414.276496397426,1397.8874708768014,1401.4544470050912,6994246
2025-10-21,1419.482421875,1432.5936185349226,1417.1686535978035,1424.881136066363,1698704
2025-10-23,1473.566162109375,1490.4372172856354,1451.8748054541832,1455.7310466373283,20358624
2025-10-24,1470.57763671875,1487.5450748262833,1463.4435668090073,1484.1708637038648,8652257
2025-10-27,1472.633056640625,1483.2043487095048,1466.3685916918344,1478.0165606695539,7273211
2025-10-28,1468.4241943359375,1474.5908017388306,1458.9296979699484,1467.9347848431598,8211019
2025-10-29,1478.408203125,1488.0005573851865,1465.1941469679696,1468.4241778932897,4884976
2025-10-30,1462.1597900390625,1476.2546872805226,1457.5592692997866,1475.0801523386458,5608867
2025-10-31,1450.9034423828125,1465.3898918009988,1449.3372364048548,1458.4403008415877,4819814
2025-11-03,1454.0355224609375,1459.8105780526128,1442.974820743242,1450.9033496746388,5470600
2025-11-04,1436.808349609375,1450.511814804534,1431.9142548968182,1448.3583414401685,8691330
2025-11-06,1435.6336669921875,1451.58846323567,1430.9354078512456,1447.2816360762577,7944752
2025-11-07,1445.5198974609375,1449.533031326473,1418.4065403991735,1438.8638806951196,8765759
2025-11-10,1481.4425048828125,1487.8048281611332,1458.4402591842686,1458.5381171839108,9787975
2025-11-11,1497.88671875,1500.9210336624128,1479.0933228205395,1492.6989304110698,13692989
2025-11-12,1518.8333740234375,1526.1745164244364,1505.5214596999074,1507.3812396717751,14635417
2025-11-13,1509.14306640625,1524.5104757353395,1497.8866487683968,1524.1189242683809,19655689
2025-11-14,1470.9691162109375,1497.59294295853,1457.2656513734084,1487.8047537888665,9739549
2025-11-17,1475.66748046875,1478.212385937251,1460.8873376663598,1464.3132041198487,7910354
2025-11-18,1454.91650390625,1474.1013313334302,1451.784211591062,1474.1013313334302,7525119
2025-11-19,1508.4578857421875,1510.317665675936,1458.9296699222182,1458.9296699222182,10981126
2025-11-20,1503.955322265625,1522.0634729079381,1501.5082748815287,1522.0634729079381,7387584
2025-11-21,1512.2752685546875,1518.6375916910017,1493.9714020948772,1498.5718033380108,9186302
2025-11-24,1515.2117919921875,1551.4280945139647,1508.3600590826622,1530.4813442936104,19270381
2025-11-25,1498.1802978515625,1517.7566773334454,1493.5798964672151,1516.1905908718425,8107952
2025-11-26,1524.902099609375,1527.251289037942,1499.6485223505715,1499.6485223505715,7575038
2025-11-27,1533.2220458984375,1540.954739594805,1519.3227449478784,1530.8728564928056,7552252
2025-11-28,1527.055419921875,1535.179665000364,1524.0211050739736,1531.8516566735827,4453221
2025-12-01,1530.872802734375,1540.6609920101703,1523.042251313739,1529.4045743430058,5341800
2025-12-02,1527.9364013671875,1546.4361036663386,1523.1401645511503,1533.8093151456649,6335969
2025-12-03,1545.261474609375,1552.406900951154,1521.182551618934,1522.1613705980963,12895312
2025-12-04,1563.7611083984375,1565.1314788059085,1534.7880917871573,1534.7880917871573,12609619
2025-12-05,1581.9671630859375,1597.2368345243183,1566.1103436503722,1575.8985332981872,10344725
2025-12-08,1576.681640625,1595.4749170068917,1566.306063981828,1582.8481284293375,7550413
2025-12-09,1565.1314697265625,1572.8641631737528,1548.883099378693,1567.2848235795727,6957599
2025-12-10,1551.2322998046875,1573.9408513587562,1549.2746619298632,1573.9408513587562,5116140
2025-12-11,1564.1527099609375,1573.3536321517727,1547.023378030827,1564.1527099609375,5159319
2025-12-12,1564.348388671875,1567.8722324584342,1549.0788370408115,1567.4806809838458,4633912
2025-12-15,1572.766357421875,1576.6816332735752,1551.4280562362142,1551.4280562362142,4190558
2025-12-16,1559.1607666015625,1569.0468143358012,1552.0153403019585,1566.1103574156468,5499258
2025-12-17,1568.0679931640625,1572.8642300238714,1552.4068896118622,1553.5814245843821,4817628
2025-12-18,1592.3427734375,1595.4749463972676,1572.6684162407605,1576.3879761796316,6577293
2025-12-19,1603.9906005859375,1619.847539612933,1595.2792073285575,1615.0513027562847,13149023
2025-12-22,1653.8125,1657.3362243784013,1628.7547583833573,1628.7547583833573,23098923
2025-12-23,1632.9637451171875,1643.4370603643276,1621.3157754082474,1643.4370603643276,6593060
2025-12-24,1628.16748046875,1632.2784723030877,1617.4983299175808,1625.8182910699556,4271167
2025-12-26,1621.0220947265625,1633.453167508233,1616.7152673020842,1628.167521100225,2006491
2025-12-29,1609.863525390625,1637.6620082639456,1602.4245250544589,1622.8818655924697,4062817
2025-12-30,1587.2528076171875,1612.9957941560388,1582.554548282334,1612.1148331917736,9395937
2025-12-31,1581.1842041015625,1594.1045668429529,1575.1154547350545,1586.6655664923117,6538656
2026-01-01,1595.2791748046875,1604.8715288376811,1579.9116455766828,1581.184158007412,3658165
2026-01-02,1605.6546630859375,1608.6889779975038,1593.0278744696911,1601.2499777187402,2524526
2026-01-05,1572.374755859375,1602.3265912739637,1549.568226955718,1602.3265912739637,5917885
2026-01-06,1578.0518798828125,1585.5888575673962,1565.1315174017209,1566.2081943610224,4466729
2026-01-07,1604.2843017578125,1607.2207586859843,1580.7926463324388,1580.7926463324388,4508079
2026-01-08,1579.128662109375,1609.472049603195,1574.5281413468902,1604.186403368615,3942131
2026-01-09,1579.91162109375,1596.747378487979,1572.9620305433675,1575.898487352098,6816681
2026-01-12,1562.09716796875,1579.1286413969012,1558.867017677559,1575.996349102621,6985362
2026-01-13,1565.1314697265625,1583.7290294043642,1552.7983751003353,1583.7290294043642,8080618
2026-01-14,1565.91455078125,1582.7501883551427,1549.5682031809922,1554.3644397699236,7557157
2026-01-15,1565.91455078125,1565.91455078125,1565.91455078125,1565.91455078125,0
2026-01-16,1654.00830078125,1658.119292555676,1618.3792672921977,1628.461030733189,19335957
2026-01-19,1645.59033203125,1649.309891747184,1631.201741600405,1649.309891747184,5104958
2026-01-20,1623.7628173828125,1644.6115898062917,1617.889903547792,1637.5641409981627,6406503
2026-01-21,1619.358154296875,1621.9030597634667,1596.6494821313709,1616.0301458476063,6224582
2026-01-22,1628.265380859375,1635.8022392467942,1618.7708845027832,1630.712428320841,6228892
2026-01-23,1635.4107666015625,1640.2068839190629,1626.9928279555104,1631.8869227568262,5869137
2026-01-27,1647.05859375,1653.6167523834592,1625.9161283991023,1650.0930280724322,10673087
2026-01-28,1631.2017822265625,1653.029492632909,1615.05126953125,1644.4158380681818,8588664
2026-01-29,1624.35009765625,1631.2018305177105,1607.318623503672,1622.8818691859371,4749582
2026-01-30,1606.241943359375,1619.9454090553113,1583.8269648597889,1619.9454090553113,9207926
2026-02-02,1594.8875732421875,1626.7970461591942,1583.7290136495644,1626.7970461591942,6784887
2026-02-03,1620.9241943359375,1691.3991593070652,1617.9877374621406,1690.616056346825,8805868
2026-02-04,1503.2701416015625,1551.3301265638145,1478.1144237257668,1540.66097646391,28828622
2026-02-05,1488.00048828125,1518.1481590925844,1483.5958031001303,1501.5082372972433,10628127
2026-02-06,1475.177978515625,1492.6988611765453,1448.6520095352703,1489.86026239605,13900866
2026-02-09,1465.4876708984375,1495.6353420798034,1461.376679139494,1489.8602864300617,8294615
2026-02-10,1466.0750732421875,1483.7916723660803,1459.4190565785855,1468.2284271414342,8657000
2026-02-11,1440.7236328125,1474.003477029586,1437.885033967625,1469.4029562852068,7934411
2026-02-12,1356.64306640625,1405.2903204885395,1351.259562174479,1398.6344233110094,26048896
2026-02-13,1340.1009521484375,1348.1273389393946,1254.3564391221673,1266.493817560756,45785709
2026-02-16,1336.6751708984375,1346.854912154694,1309.953484521095,1344.6035807140283,14621891
2026-02-17,1361.73291015625,1400.6899531531467,1338.0455387563604,1340.9819956812096,25347684
2026-02-18,1344.603515625,1371.3253201935424,1316.805153615715,1361.4392729027982,20241373
2026-02-19,1341.471435546875,1372.3042339560152,1334.326009074035,1355.6643110050506,14574228
2026-02-20,1324.5377197265625,1336.0878308198503,1309.8554358713993,1330.4106332686276,12633552
2026-02-23,1299.3822021484375,1323.3632672728343,1290.0834217940796,1323.3632672728343,12887826
2026-02-24,1248.4835205078125,1275.988307999553,1237.3249610296912,1273.4434027288626,27839061
2026-02-25,1262.7742919921875,1295.564726518415,1258.9568742250233,1258.9568742250233,16669618
2026-02-26,1261.7955322265625,1286.168148899459,1259.054910753846,1277.848187510079,11493914
2026-02-27,1272.5625,1306.723305439908,1266.7874442662774,1298.207628321947,23141724
2026-03-02,1261.5997314453125,1271.290062662244,1246.0364867011174,1263.6552272829085,9700361
2026-03-04,1279.7078857421875,1289.104523520103,1264.6340504084835,1264.6340504084835,15154950
2026-03-05,1278.141845703125,1292.0410271405913,1262.7743163409898,1292.0410271405913,10362147
2026-03-06,1280.686767578125,1299.0884925711757,1275.4011212294208,1275.4011212294208,8724291
2026-03-09,1287.14697265625,1290.0834296280893,1255.3353554613236,1262.676497890922,10068514
2026-03-10,1268.1578369140625,1293.0198627132945,1256.9014187299574,1292.0410437407636,9600171
2026-03-11,1249.2667236328125,1271.975276386956,1244.3726286871142,1260.7188580118502,7868891
2026-03-12,1238.9891357421875,1251.5179472285731,1231.3542997621664,1245.5471752363726,7599940
2026-03-13,1221.8597412109375,1242.7085131232232,1216.280401513626,1224.5025045780033,7366098
2026-03-16,1223.3280029296875,1227.7326883178384,1198.2701415781937,1213.931245180508,12314450
2026-03-17,1206.785888671875,1218.6295738865974,1189.3628638376754,1218.6295738865974,11223276
2026-03-18,1240.261474609375,1263.459555545422,1208.7435520363658,1211.7778669014497,12365381
2026-03-19,1194.9422607421875,1228.4178221249233,1189.3629208552388,1217.846529327881,9156461
2026-03-20,1229.2987060546875,1238.0102183433878,1203.1641691885866,1215.6930991638783,27299975
2026-03-23,1230.1796875,1234.3885372371806,1201.4023868626336,1211.9735596886824,12420293
2026-03-24,1251.224365234375,1269.5282325903943,1224.5025589595862,1242.1213008151199,13613495
2026-03-25,1252.00732421875,1263.263742406015,1230.4733068170258,1243.100095463166,10824030
2026-03-27,1242.806396484375,1267.3748481809973,1236.444073189259,1257.9780904958054,13092541
2026-03-30,1224.1109619140625,1238.6953882487069,1216.6719617488286,1223.5236944376795,14108486
2026-04-01,1248.6793212890625,1275.4011271577126,1242.610691424955,1262.6764804554484,8137156
2026-04-02,1273.247802734375,1277.7503462365091,1233.116223742555,1233.3119397486187,12873492
2026-04-06,1278.5333251953125,1292.041075138383,1271.4858762157266,1273.8350657038357,10208682
2026-04-07,1311.0301513671875,1316.609371698259,1266.1023367797188,1274.4222980187042,15355792
2026-04-08,1317.68603515625,1347.7358488962445,1302.8080347694565,1320.4267760360608,16030133
2026-04-09,1303.395263671875,1309.170319257509,1286.1680743957882,1301.7313192842819,14894607
2026-04-10,1265.12353515625,1290.9643801968148,1256.1184483091881,1290.0834192154255,19233369
2026-04-13,1249.756103515625,1261.6976471062894,1238.8911174058185,1245.0577246851824,10366082
2026-04-15,1277.6524658203125,1294.4881045276459,1272.9540869097948,1278.631284802942,12098912
2026-04-16,1291.2579345703125,1302.808046184627,1281.2740288923192,1294.0965334739733,18527029
2026-04-17,1290.7685546875,1300.165312581974,1278.4354593069281,1285.1893342368037,12064048
2026-04-20,1284.7977294921875,1296.8372503675125,1280.3930442184933,1292.0410136169874,7172300
2026-04-21,1285.385009765625,1296.9351212811175,1271.7795218169556,1282.2528368892558,10057440
2026-04-22,1241.729736328125,1270.2133447995752,1229.2987830540255,1267.5705813427946,20088378
2026-04-23,1214.32275390625,1238.891085420282,1200.0320212693207,1227.438951608261,14792854
2026-04-24,1130.144287109375,1197.9764852174349,1127.7950978335834,1174.5826894228176,42078914
2026-04-27,1145.5118408203125,1154.9084786451926,1130.04645394258,1130.1443119385692,19579883
2026-04-28,1127.697265625,1144.6308809119316,1125.4460537763027,1138.0727223885278,12720276
2026-04-29,1142.7711181640625,1153.2444330805374,1132.2978032475876,1133.961747660014,8303109
2026-04-30,1156.768310546875,1164.5988623339997,1135.0384576467616,1142.7711514334947,12205669
2026-05-01,1156.768310546875,1156.768310546875,1156.768310546875,1156.768310546875,0
2026-05-04,1143.652099609375,1169.6886601132755,1140.5198072387318,1169.6886601132755,7735811
2026-05-05,1153.1466064453125,1160.0961972461241,1135.5278649580357,1144.728787187228,8164108
2026-05-06,1142.4774169921875,1166.2627649868193,1139.443102180398,1161.8580797644604,9856963
2026-05-07,1138.07275390625,1150.5038263553197,1134.6468875555572,1148.1546369607545,12013987
2026-05-08,1154.2232666015625,1158.4322359116547,1134.2554554613432,1136.4088093734103,7582770
2026-05-11,1152.0699462890625,1161.8581361470833,1147.2737093616843,1151.0911273032605,7336288
2026-05-12,1116.1473388671875,1137.3876630949442,1099.2137225952,1137.3876630949442,16891948
2026-05-13,1099.3115234375,1118.398492694932,1097.2560275682617,1112.5255790772605,6664111
2026-05-14,1071.8067626953125,1098.137016652994,1065.933848927119,1096.0815207310736,16914842
2026-05-15,1095.2984619140625,1109.1976439317652,1078.266987402901,1078.658538900176,17482450
2026-05-18,1118.3006591796875,1121.8243835304838,1094.319594715878,1095.2984136735845,12096377
2026-05-19,1171.5484619140625,1173.0166903851343,1137.3876555901809,1137.3876555901809,32175705
2026-05-20,1168.4161376953125,1181.3366195800531,1159.802602590221,1161.8580984968487,15121010
2026-05-21,1156.180908203125,1176.3446743746752,1152.0699163634372,1170.7653346096859,10021033
2026-05-22,1149.622802734375,1166.5564175672662,1147.6651649263981,1157.4533539662823,8803066
2026-05-25,1143.75,1159.900513478819,1141.4008105061328,1157.9428754813864,5856136
2026-05-26,1142.966796875,1155.6914427435413,1138.2685377836078,1141.5965459846338,8005767
2026-05-27,1135.3321533203125,1142.5754376343073,1130.5359164445094,1136.4088302961693,6371871
2026-05-28,1135.3321533203125,1135.3321533203125,1135.3321533203125,1135.3321533203125,0
2026-05-29,1136.3109130859375,1184.370898370815,1129.1654871448488,1156.96396849116,69085430
2026-06-01,1177.02978515625,1191.222659904496,1148.8397516554953,1150.1122640819906,19439331
2026-06-02,1243.8831787109375,1251.811588367994,1206.3943648530496,1206.3943648530496,36032600
2026-06-03,1196.7039794921875,1223.425783618914,1190.2437985614154,1215.7909483013548,18534303
2026-06-04,1175.855224609375,1189.4607121046952,1170.8631524946943,1182.4132636253246,12755957
2026-06-05,1172.1357421875,1197.8787294549086,1169.0035692089534,1194.159169493737,8692290
2026-06-08,1162.4453125,1175.26781631171,1151.5804465064052,1152.559265415463,8631711
2026-06-09,1155.300048828125,1168.3182691086097,1142.5754025403635,1168.3182691086097,10984054
2026-06-10,1145.300048828125,1171.4000244140625,1143.300048828125,1160.0999755859375,8887626
2026-06-11,1114.5999755859375,1133.699951171875,1109.0,1129.699951171875,9372176
2026-06-12,1116.4000244140625,1123.300048828125,1111.5,1120.0,8075333
2026-06-15,1134.9000244140625,1151.0,1123.0,1130.0,7856192
2026-06-16,1143.5999755859375,1153.800048828125,1123.199951171875,1136.9000244140625,10456090
2026-06-17,1157.699951171875,1162.5,1148.0,1149.0,5995119
2026-06-18,1127.5,1142.9000244140625,1125.300048828125,1142.9000244140625,16781447
2026-06-19,1051.4000244140625,1066.0,1030.0,1062.300048828125,45665442
2026-06-22,1065.4000244140625,1080.300048828125,1055.0,1055.0,10178505
2026-06-23,1029.300048828125,1055.300048828125,1026.0,1053.800048828125,19323064
2026-06-24,1056.5999755859375,1065.5,1037.699951171875,1040.9000244140625,12346266
2026-06-25,1041.199951171875,1068.0,1039.0999755859375,1065.0,15866779
2026-06-26,1041.199951171875,1041.199951171875,1041.199951171875,1041.199951171875,0
2026-06-29,1036.699951171875,1046.5999755859375,1029.0999755859375,1037.0999755859375,15080892
2026-06-30,1000.4000244140625,1030.4000244140625,996.0,1030.0,24128263
2026-07-01,985.2999877929688,1014.0,982.4000244140625,1006.0,13037982
2026-07-02,1040.9000244140625,1045.0,1006.0,1006.4000244140625,18741111
2026-07-03,1047.199951171875,1068.699951171875,1042.0,1063.0,11653534
2026-07-06,1042.199951171875,1053.0,1033.0,1050.0999755859375,5559747
2026-07-07,1071.800048828125,1087.5,1040.5999755859375,1040.5999755859375,18866296
2026-07-08,1069.300048828125,1079.699951171875,1064.4000244140625,1071.9000244140625,13022221
2026-07-09,1050.800048828125,1062.699951171875,1040.4000244140625,1062.699951171875,9003333
2026-07-10,1068.0,1091.300048828125,1064.699951171875,1075.0,9747266
2026-07-13,1102.5999755859375,1114.9000244140625,1057.0999755859375,1057.0999755859375,20994760
2026-07-14,1092.9000244140625,1113.5,1090.0,1107.800048828125,14819413
2026-07-15,1076.300048828125,1088.0999755859375,1073.0,1079.0,8501933
2026-07-16,1082.4000244140625,1097.300048828125,1077.9000244140625,1082.5,8592146
2026-07-17,1096.5,1116.800048828125,1092.0,1105.0,12547728
2026-07-20,1087.0999755859375,1103.800048828125,1083.199951171875,1102.0,6372645
2026-07-21,1073.5,1094.5,1067.199951171875,1080.0,9485229
2026-07-22,1052.0999755859375,1069.300048828125,1046.199951171875,1064.0,7517203
2026-07-23,1047.4000244140625,1058.5,1032.0,1046.9000244140625,13794578
2026-07-24,1040.9000244140625,1043.4000244140625,1013.9000244140625,1028.0,29036900
