Date,Close,High,Low,Open,Volume
2021-07-26,2777.706787109375,2800.900993440184,2771.8865498779865,2779.8350559071373,1259611
2021-07-27,2765.02392578125,2788.5222632828436,2746.0862555326894,2779.835278038972,1121367
2021-07-28,2777.923828125,2783.700587738903,2721.1108246514436,2769.410541258795,1660654
2021-07-29,2776.1865234375,2801.943347409682,2771.4086820063676,2780.052189087591,1731997
2021-07-30,2751.5595703125,2800.250173367633,2747.129334329476,2796.341029337804,2999943
2021-08-02,2796.68798828125,2801.465830240041,2751.1682697258793,2762.4613507193862,2608669
2021-08-03,2853.58740234375,2858.017849193048,2796.296783011644,2805.027244694332,3804735
2021-08-04,2844.075439453125,2871.22226784343,2832.9995334698806,2866.7050780162026,2929598
2021-08-05,2852.76220703125,2879.73533608023,2834.128667861765,2844.9873983899706,2534521
2021-08-06,2875.218505859375,2887.5539828638334,2836.300768366551,2842.859484842023,2292362
2021-08-09,2886.4248046875,2898.8472371226603,2875.392374850466,2887.4672005937846,1510489
2021-08-10,2896.15380859375,2910.0529844223115,2880.2567959075063,2880.2567959075063,2040777
2021-08-11,2905.10107421875,2918.8265510124475,2890.2464592009433,2910.1395672296726,1929707
2021-08-12,2911.660888671875,2925.77724264843,2889.2918969859493,2889.2918969859493,1310205
2021-08-13,3008.64990234375,3023.070380371302,2916.654828188691,2919.478097940475,4363584
2021-08-16,3016.946044921875,3035.536317803578,2985.282030878575,3005.6964431368747,2083489
2021-08-17,3086.52978515625,3093.2621997032534,3008.3034291964027,3024.895658268676,4336019
2021-08-18,3093.04443359375,3122.9710539890493,3072.2391472921595,3104.5981658626997,2631309
2021-08-20,3092.13232421875,3105.5971510274003,3040.4447632436086,3045.656954266312,2836148
2021-08-23,3159.8037109375,3190.729461117312,3094.2169768470135,3109.940503893269,3744176
2021-08-24,3138.781005859375,3185.821151311202,3122.4494335776335,3176.8300380677483,2511141
2021-08-25,3178.56787109375,3212.229938599867,3133.4390255895655,3136.001643795692,2123263
2021-08-26,3189.731201171875,3203.413204816448,3168.9256989779797,3179.43703740544,1902533
2021-08-27,3231.6884765625,3239.8108919607075,3171.7050178376517,3184.6485399994513,3944728
2021-08-30,3215.31396484375,3249.2366854199036,3203.4128372022465,3227.2150924852535,2033114
2021-08-31,3289.283447265625,3304.616103294764,3217.181470574093,3222.3501843175904,3207480
2021-09-01,3227.171875,3315.5619590111364,3220.265763432762,3297.5799401108075,2643336
2021-09-02,3332.978515625,3352.4372745391374,3233.295376335766,3243.719756915032,3403717
2021-09-03,3337.5830078125,3350.4830528749976,3305.006815102271,3322.7716564433317,1746812
2021-09-06,3346.2265625,3368.4653285384056,3313.216020086968,3344.228513568609,1723693
2021-09-07,3314.8662109375,3361.819402883082,3308.2207528685676,3356.65068970896,1585039
2021-09-08,3278.5986328125,3314.085054335627,3262.8318385542893,3309.7415614728015,4147175
2021-09-09,3293.5830078125,3308.611532453073,3270.6494550333446,3292.106262958881,1441148
2021-09-13,3340.450439453125,3346.5745952694633,3272.387815374621,3272.387815374621,1691473
2021-09-14,3375.67578125,3384.8840711793177,3322.7721217145872,3344.446109215776,1991188
2021-09-15,3435.3115234375,3457.419856737662,3358.3882327004526,3372.374362683401,2461369
2021-09-16,3390.790283203125,3458.939625765508,3381.0609041825846,3413.984486534425,2946666
2021-09-17,3325.247802734375,3427.0157522153695,3305.3979561925175,3405.2982886398604,6477148
2021-09-20,3321.46875,3362.7319291879166,3307.873703164557,3308.87262161632,2002008
2021-09-21,3355.73876953125,3363.2096613345666,3319.8614796911293,3351.438754448293,1568129
2021-09-22,3355.043212890625,3385.187214991251,3346.6168813997574,3355.3473421438002,1744067
2021-09-23,3361.2119140625,3369.6817250496706,3331.458988287055,3361.86343798459,2003869
2021-09-24,3362.9921875,3426.49391383993,3348.8323610402954,3379.2368053039554,2320754
2021-09-27,3333.15234375,3391.3986149404177,3303.573120278085,3387.923821277569,1673362
2021-09-28,3282.94189453125,3344.489268897925,3258.7052908969717,3344.489268897925,2253075
2021-09-29,3294.017822265625,3306.2665561909757,3233.4261006959136,3266.13272711656,2489161
2021-09-30,3279.81494140625,3305.3980719774313,3257.706605128869,3305.3980719774313,2252412
2021-10-01,3240.4189453125,3309.7411246713523,3235.9017557482384,3285.200393235141,1578374
2021-10-04,3277.85986328125,3286.8507648768555,3220.655986222067,3235.727988977081,1356860
2021-10-05,3329.982421875,3335.8026601411348,3250.3228018088666,3261.0945797317236,1877966
2021-10-06,3310.522705078125,3350.9606587155918,3296.7104851126683,3332.3271201296957,1678154
2021-10-07,3381.75634765625,3387.055493405651,3318.4717883990315,3327.115296164053,1647233
2021-10-08,3418.893310546875,3466.0202061548184,3387.924292552639,3409.641755966438,2934339
2021-10-11,3201.674560546875,3264.133883897278,3179.4357990855724,3261.962138132875,11845402
2021-10-12,3173.2255859375,3220.2655276267183,3153.8970431833336,3219.396829075969,5752877
2021-10-13,3175.266845703125,3192.857991053429,3166.4061630547076,3170.749655733795,3545655
2021-10-14,3143.28076171875,3194.2406932053873,3140.4520744563747,3155.0742541878826,6442299
2021-10-18,3174.35302734375,3179.1835977264323,3134.577371767137,3136.31810253628,3590107
2021-10-19,3163.0380859375,3211.7351962506837,3155.2483587152783,3193.3704027509225,3135441
2021-10-20,3141.018310546875,3159.426454063598,3114.4286046403977,3143.7598766054316,2933693
2021-10-21,3074.5654296875,3139.7992665819975,3056.070167017759,3136.883670314862,4871211
2021-10-22,3045.27734375,3099.892759668595,3033.222700817582,3098.5000903617192,2691670
2021-10-25,3040.142822265625,3058.9428001547594,3002.760670331834,3048.890037151424,2595594
2021-10-26,3031.13427734375,3071.5191422480484,3024.519416070266,3041.4915394122427,3878763
2021-10-27,3037.357666015625,3056.0705221856474,3031.4826995436415,3031.4826995436415,2510813
2021-10-28,2978.0859375,3061.9457358710383,2972.298092097668,3061.9457358710383,2424942
2021-10-29,2957.28369140625,3012.3342965071097,2947.0133383911043,2959.2855740900413,3960501
2021-11-01,3025.73779296875,3034.9637499899923,2970.5131581120604,2992.272290245628,2020718
2021-11-02,3032.52685546875,3058.115723793771,3019.950118885597,3041.056478243757,3087414
2021-11-03,3039.532958984375,3063.5984724746827,3016.7294325728367,3049.9337809315916,1537639
2021-11-04,3053.807373046875,3057.811138748893,3050.630624440296,3057.549986639362,328991
2021-11-08,3048.67236328125,3088.0563970942476,3029.915946668684,3088.0563970942476,2526082
2021-11-09,3051.23974609375,3076.7414931890703,3042.7972447493607,3053.2416288846557,1782692
2021-11-10,3032.61376953125,3063.4246152630417,3029.045186907905,3044.5377312978912,1516489
2021-11-11,3036.008056640625,3055.0256225632647,2990.5750325787967,3028.871104008793,1284514
2021-11-12,3068.950927734375,3076.0007576054945,3033.8316106737802,3051.500064842442,1747259
2021-11-15,3092.6689453125,3106.855941660992,3070.6486615620647,3070.6486615620647,1809157
2021-11-16,3095.36767578125,3112.0353020442994,3082.834497996638,3106.334365711463,2013204
2021-11-17,3065.33935546875,3100.9809832225665,3051.8486938011238,3090.319008678797,1632914
2021-11-18,3025.12890625,3064.426030619223,3004.1532281043856,3059.464777964114,2136598
2021-11-22,3010.07080078125,3060.160358511019,2994.3173187941384,3027.4781040762873,3167936
2021-11-23,3015.163330078125,3029.6983897266873,2966.0312458584126,2998.4087961663104,2153461
2021-11-24,2996.929443359375,3040.230125174157,2980.131347413317,3022.0829202611835,2161746
2021-11-25,2999.191650390625,3014.074981759771,2988.877949258958,2997.450919820738,1849619
2021-11-26,3000.0185546875,3037.574730325143,2969.5991191284234,2981.000988929402,1941251
2021-11-29,3048.019287109375,3071.8238631118234,2964.8558400184647,3000.2796653058103,2981745
2021-11-30,3071.6494140625,3101.764136483824,3038.4450650200015,3038.4450650200015,5588446
2021-12-01,3113.9931640625,3124.611578739854,3076.7414849151487,3076.7414849151487,2102118
2021-12-02,3170.653564453125,3175.092512337047,3110.7726037312136,3123.914991843836,3152938
2021-12-03,3168.521728515625,3190.7160465699467,3160.166348037167,3173.743920998995,2486263
2021-12-06,3077.960205078125,3183.7967257927357,3065.4270279502502,3168.5217700801913,1849642
2021-12-07,3119.82421875,3131.5741495501466,3067.4282735320944,3100.6761833719834,1484458
2021-12-08,3156.727783203125,3173.7434671096034,3134.1854072037404,3134.1854072037404,1428660
2021-12-09,3134.83837890625,3163.5604352688256,3103.722817846793,3142.018892996894,1567957
2021-12-10,3165.3447265625,3169.8705838544292,3111.6432273189575,3120.259759230678,1510718
2021-12-13,3141.71435546875,3187.278068783452,3134.7949930935406,3176.833684068705,1883864
2021-12-14,3154.030029296875,3163.7780788158257,3113.035735906248,3137.6671180553103,1747007
2021-12-15,3107.50927734375,3153.3339319320626,3096.8906491750763,3150.722835659417,1603233
2021-12-16,3117.300537109375,3140.6697186213864,3107.2042143295057,3117.648598243218,2072320
2021-12-17,3119.693603515625,3178.0080721754307,3110.4240865994248,3135.4906469694033,4333992
2021-12-20,3095.80224609375,3138.5372672585236,3055.112668377628,3123.7410571799337,2312310
2021-12-21,3140.539306640625,3169.1742414013142,3104.0708713088916,3118.2143081191102,2340989
2021-12-22,3160.07861328125,3165.344365511799,3138.7546647787667,3154.203647877505,1224328
2021-12-23,3187.886474609375,3194.6753654527315,3159.425575968782,3175.0921490727596,1792861
2021-12-24,3195.024169921875,3224.7037142044237,3172.3077611305043,3207.2964067053445,2209923
2021-12-27,3216.957275390625,3220.351615069357,3179.5315674317108,3195.1110213296242,1534135
2021-12-28,3226.052734375,3242.110932603277,3214.9991369151708,3229.0554523377605,1456218
2021-12-29,3215.73876953125,3237.715494300175,3207.296268256941,3213.606416952969,1456923
2021-12-30,3249.726318359375,3255.1661012826416,3202.9441852192836,3204.1192633273176,1966475
2021-12-31,3253.73046875,3272.573794030178,3247.5943503878843,3257.6035521515405,1207141
2022-01-03,3322.837158203125,3333.4991332376317,3259.5180819777884,3263.8699085224853,2346158
2022-01-04,3381.151611328125,3384.981133665279,3317.571383436288,3334.456597811897,2488606
2022-01-05,3360.43701171875,3368.3138605317376,3318.180732029534,3363.9620338385444,1733031
2022-01-06,3313.87255859375,3337.8511668408105,3283.0181489761508,3317.8327634933953,1810293
2022-01-07,3353.95263671875,3363.874716003597,3304.2546937860716,3324.7953995758726,2460591
2022-01-10,3376.886962890625,3462.3132338266632,3360.4804916552907,3462.3132338266632,3937092
2022-01-11,3408.263916015625,3416.184326457029,3356.1291115460645,3356.1291115460645,1906106
2022-01-12,3359.523193359375,3419.6655251847706,3339.200289545301,3416.1840637185605,3203744
2022-01-13,3392.59716796875,3414.443424249762,3356.9993085218794,3410.09159730068,6684507
2022-01-14,3453.739990234375,3461.4428081583696,3359.653628525893,3375.146173409217,3348123
2022-01-17,3498.12890625,3518.8872054066355,3448.6487622565855,3475.1077846169696,3442604
2022-01-18,3473.27978515625,3517.7553236459385,3464.053828155006,3511.0099926991543,2389041
2022-01-19,3413.162353515625,3498.0413840088618,3409.544075814221,3498.0413840088618,3102539
2022-01-20,3336.348876953125,3417.8273982491137,3322.7908711039217,3409.1084508046006,6176776
2022-01-21,3342.407958984375,3358.145699133894,3288.001820929439,3319.302752016047,3112358
2022-01-24,3288.219970703125,3356.489151449722,3260.9732629131663,3348.075453230145,3258414
2022-01-25,3286.955810546875,3321.3956518901114,3245.36647509271,3286.607137805823,3330501
2022-01-27,3181.76220703125,3255.1320717987264,3160.7060320416385,3253.0396093535915,5718297
2022-01-28,3217.334716796875,3251.9925272060564,3178.927717028313,3178.927717028313,3143862
2022-01-31,3257.61669921875,3276.5804096792403,3244.668977275617,3268.7333570748997,2739393
2022-02-01,3313.766357421875,3320.1748683247147,3257.7471254655034,3287.0428712143316,2105169
2022-02-02,3362.200439453125,3369.00126096906,3313.7666442800282,3337.525775843539,1984212
2022-02-03,3334.648681640625,3385.1313015453898,3327.1939390990083,3357.6666174504307,1960538
2022-02-04,3326.19140625,3334.7360179114785,3286.1715198488655,3326.5402918909444,2307366
2022-02-07,3294.890625,3340.9267154692593,3274.967742611031,3305.3533631582427,1919149
2022-02-08,3263.89453125,3312.9386135210448,3244.3205356543667,3305.832756080194,2946443
2022-02-09,3278.8037109375,3293.974593822682,3266.204874886914,3269.605179127238,1638721
2022-02-10,3287.347900390625,3304.306207839928,3276.5799169014713,3304.306207839928,2112459
2022-02-11,3221.607421875,3271.7850066553174,3217.2915854918374,3271.7850066553174,3851488
2022-02-14,3255.4365234375,3307.314253104599,3234.729026301473,3246.935550929026,5951745
2022-02-15,3328.7197265625,3343.7162732725105,3267.861432131778,3300.993431710489,3931683
2022-02-16,3324.6220703125,3360.3697562876455,3318.431532229366,3351.5635338648667,3256906
2022-02-17,3299.423828125,3343.7161207459344,3294.8900183308697,3334.9971738861013,3134372
2022-02-18,3307.88134765625,3327.1066691225346,3276.2317390898334,3286.171253915909,3688883
2022-02-21,3242.92529296875,3337.438812898183,3230.8496782327734,3321.919043560008,7465922
2022-02-22,3126.963134765625,3198.0225543570805,3112.6641465214116,3182.415724034496,5408531
2022-02-23,3107.259033203125,3158.787893178811,3100.1529621726163,3148.412429195075,2426203
2022-02-24,2965.880859375,3037.550782181064,2956.682539532843,3028.962533260586,5039136
2022-02-25,3069.723388671875,3077.78841497173,3018.499572983606,3023.7309413943226,2549723
2022-02-28,3098.887939453125,3107.2145759792743,3013.1806523150753,3042.9123451891032,3288942
2022-03-02,3091.868896484375,3114.3638193433144,3056.862414053534,3097.4055122433483,2761341
2022-03-03,3090.343505859375,3120.162475048833,3077.8755818754444,3106.4301334512893,1928039
2022-03-04,3072.8623046875,3104.9914980604067,3040.3405883905943,3052.939424780361,2370257
2022-03-07,3038.46533203125,3093.4819650907407,2991.949883978595,3008.036296381921,3054130
2022-03-08,3138.777587890625,3146.6682782658586,3016.7559553338515,3016.7559553338515,3300992
2022-03-09,3167.245361328125,3185.903826231776,3136.249456406327,3143.1809779872883,2719654
2022-03-10,3157.0869140625,3212.059914730972,3151.8991834290077,3212.059914730972,2005441
2022-03-11,3138.080322265625,3173.566613608854,3132.5875549010075,3141.655176362718,1623423
2022-03-14,3176.31201171875,3180.97673295109,3121.3826521968504,3121.3826521968504,1765688
2022-03-15,3133.502685546875,3190.2631230599486,3126.0915796310483,3190.2631230599486,3651133
2022-03-16,3187.5595703125,3198.109580738433,3152.989032536903,3174.1324778294074,3090475
2022-03-17,3202.25146484375,3234.7295445021614,3191.3964177054013,3223.046239918665,3600452
2022-03-21,3162.100830078125,3238.1736514139975,3151.8997034863028,3222.523182319606,2413831
2022-03-22,3226.83935546875,3235.6019416995387,3160.618981045763,3173.6974044156077,2907611
2022-03-23,3236.822265625,3251.9933633104097,3217.2919066762506,3232.986013538086,1596195
2022-03-24,3269.474853515625,3276.7550474937625,3221.6513378204054,3226.0108118905273,1879046
2022-03-25,3232.50634765625,3295.3264108407147,3201.597719435667,3278.237187540887,1690133
2022-03-28,3232.724365234375,3237.3454503300545,3192.1812563088843,3221.651343649219,1760990
2022-03-29,3230.675048828125,3245.1920101542364,3218.163274981001,3221.4328800422795,2689063
2022-03-30,3253.51904296875,3259.1427217856817,3231.416424918209,3259.1427217856817,1583455
2022-03-31,3260.84228515625,3273.659093668878,3243.622366180688,3260.8859224608136,2168110
2022-04-01,3277.23388671875,3280.939438835426,3250.466764590096,3267.8610196001,1387014
2022-04-04,3287.347900390625,3295.761598160607,3258.357404851249,3280.067495312223,1472994
2022-04-05,3326.104248046875,3344.239702036937,3288.7871089041378,3288.7871089041378,2314947
2022-04-06,3274.270263671875,3321.3089461528684,3253.1702389534807,3321.3089461528684,2051729
2022-04-07,3212.19091796875,3265.681745359496,3207.7007452082726,3265.681745359496,2494829
2022-04-08,3213.498779296875,3230.370027745647,3175.8766062249715,3217.291606580685,2296773
2022-04-11,3222.871337890625,3236.7782280173724,3187.734153364789,3217.2912972094496,2291660
2022-04-12,3218.25048828125,3260.014157655668,3180.9769912928095,3211.1880563374766,4483476
2022-04-13,3192.835205078125,3234.5990948262,3187.255163355914,3232.1141094342306,1621672
2022-04-18,3076.08837890625,3147.5401125729736,3071.2493203707204,3147.5401125729736,3820792
2022-04-19,3027.130859375,3107.040129369162,2998.5763104441376,3095.225914643108,3170014
2022-04-20,3101.155029296875,3111.922800837386,3034.193475539571,3051.631369077155,2640370
2022-04-21,3163.801025390625,3177.1846959049176,3110.397468139204,3121.38342791976,2280996
2022-04-22,3149.763671875,3153.6435612476985,3113.972346971566,3122.3426223823985,1581465
2022-04-25,3093.656494140625,3124.8703645740266,3080.4910129016785,3102.2011041167375,1960694
2022-04-26,3092.00048828125,3128.2711832624163,3067.456522605351,3117.1545248627376,1943469
2022-04-27,3104.990966796875,3111.312202565136,3057.1240390217918,3091.738211621223,1727648
2022-04-28,3125.132080078125,3142.657035068176,3084.806951954192,3128.358047755058,1703660
2022-04-29,3092.34912109375,3159.092707941327,3083.761085375679,3136.205470355331,2051115
2022-05-02,3088.60009765625,3093.4391564370508,3045.310605375588,3068.9824643813376,1324161
2022-05-04,3033.975341796875,3091.2587764725636,3021.376506953671,3085.1991513609432,2305825
2022-05-05,3063.314697265625,3080.403918216015,3038.8582216741816,3062.181404468486,1612262
2022-05-06,2992.8662109375,3029.398518342552,2985.803777828197,3015.884148783102,2010812
2022-05-09,3003.764404296875,3013.2679710271254,2918.1007532108174,2962.6980803096562,2481830
2022-05-10,2998.22802734375,3020.9409278192593,2983.6237904966374,2994.08652734233,1622685
2022-05-11,2974.904541015625,3006.6850583840333,2948.8784006090195,2994.958117933374,1841769
2022-05-12,2971.9833984375,3007.774713802082,2920.9341406673307,2945.2599144954493,2807195
2022-05-13,2977.43310546875,2999.2304728192926,2948.878554239539,2994.958273964552,2187823
2022-05-16,2944.214599609375,2990.5993634905226,2935.3213146291287,2977.5209406181148,1195813
2022-05-17,3009.43212890625,3022.8592234664716,2921.1962062592934,2938.285429213155,1754076
2022-05-18,3006.9912109375,3047.272713243432,3001.977815200404,3021.1158659194543,1866781
2022-05-19,2844.0771484375,2968.801739876672,2816.220152658341,2961.826581603834,4642963
2022-05-20,2871.1494140625,2889.371929206205,2851.139472106869,2885.971624824438,3065125
2022-05-23,2896.216552734375,2911.169463412706,2848.480312420623,2881.4379784431057,2293690
2022-05-24,2866.789794921875,2898.9192000018056,2855.9783857074317,2890.4616510569685,1711510
2022-05-25,2780.4609375,2890.3576316315725,2768.5234246366185,2890.3576316315725,3548046
2022-05-26,2832.51318359375,2845.2847498563847,2791.7848372931185,2800.957469317206,2813186
2022-05-27,2862.664306640625,2878.112892084147,2834.4878731863514,2855.554301399254,3103153
2022-05-30,2962.68603515625,2972.64878630767,2884.652556391541,2894.0006985882987,2094624
2022-05-31,2953.1181640625,2969.83946910257,2918.5779156420817,2944.1647611228614,4840965
2022-06-01,2945.086669921875,2973.8774984812158,2931.7885726124696,2973.8774984812158,1493835
2022-06-02,3004.59912109375,3012.499031140447,2937.2743749999877,2944.9109118520396,2657939
2022-06-03,3019.653076171875,3052.262281379866,3011.7970965329273,3036.550107803173,1913622
2022-06-06,3011.577880859375,3030.9327068602524,2964.3539226711787,3000.210828858483,1084210
2022-06-07,2951.669921875,3000.9567154912565,2945.7889201087964,2985.3324048192408,2308256
2022-06-08,2988.0537109375,2996.6558797926627,2937.450473837152,2966.9872799283585,2185707
2022-06-09,3008.1982421875,3016.888058060886,2943.243422200155,2971.244130502211,1279197
2022-06-10,2949.212158203125,2978.2663601980794,2942.2778778025236,2968.610913701711,1527582
2022-06-13,2826.0615234375,2890.4895994549984,2802.2299971584944,2887.8562958417688,3030921
2022-06-14,2818.1171875,2843.0017737049875,2786.649129116824,2800.079018050612,2611493
2022-06-15,2814.386962890625,2838.7010882886284,2809.73475065303,2825.0956872779684,1404536
2022-06-16,2757.946533203125,2848.225040609445,2750.090553952072,2843.967780896921,2032028
2022-06-17,2711.33740234375,2737.538862021221,2654.2387672178434,2714.0585687758285,5240434
2022-06-20,2731.96484375,2755.0941146293767,2693.869800970946,2715.813999414828,1502769
2022-06-21,2819.3466796875,2841.9931353001757,2743.375821953139,2747.413640178998,2964461
2022-06-22,2829.001953125,2853.2284323936533,2793.9351690902718,2808.769360580185,3336315
2022-06-23,2904.358642578125,2912.434064877153,2829.0021781757464,2829.0021781757464,3692578
2022-06-24,2890.577392578125,2936.1334582739805,2876.8841283984966,2930.8668511739374,2132118
2022-06-27,2909.537353515625,2951.8457254461277,2902.339699253392,2940.522604717636,2037686
2022-06-28,2912.56591796875,2922.9675548971527,2872.583755436178,2902.7788901035688,1400046
2022-06-29,2888.29541015625,2925.60054765257,2871.1789353049976,2871.1789353049976,2133994
2022-06-30,2867.75537109375,2906.20143071572,2857.134294601676,2872.0563477532055,2719603
2022-07-01,2909.888671875,2925.600632758043,2854.545358719588,2861.5235711944856,1502879
2022-07-04,2839.62255859375,2912.3894182241925,2830.8448812294623,2907.166743052194,2622535
2022-07-05,2823.1650390625,2872.0566699547176,2814.9578231889177,2857.134615129158,2170627
2022-07-06,2862.181640625,2868.9843417565935,2810.832219180068,2825.0959473592156,2182144
2022-07-07,2885.96875,2913.6621507610735,2865.9556026660175,2871.1782778598463,1989921
2022-07-08,2866.306884765625,2901.022644904037,2852.745414807298,2896.6338058043334,2136916
2022-07-11,2733.193603515625,2830.801346623151,2726.3469713524055,2814.255336753604,6974600
2022-07-12,2707.650390625,2752.8554340083,2703.7443666293075,2734.158936312343,3734815
2022-07-13,2667.3173828125,2729.8583498303165,2664.025752969457,2724.591742081448,3863530
2022-07-14,2639.154541015625,2690.419485413844,2611.2118460002866,2689.539400531471,4764908
2022-07-15,2635.501708984375,2665.688442078549,2598.8900997906226,2656.579694419883,4574806
2022-07-18,2696.1396484375,2707.9767454259254,2652.8395214403786,2660.496215840236,3202795
2022-07-19,2705.6005859375,2709.736941355733,2666.7008823385627,2666.7008823385627,1865074
2022-07-20,2785.29248046875,2791.5850009840688,2726.54681875147,2735.1276457438817,3402251
2022-07-21,2796.293212890625,2802.1897375186727,2767.030396065092,2787.2282973371975,2420640
2022-07-22,2790.7490234375,2813.6312292430425,2766.5466903739457,2803.070211178946,2075886
2022-07-25,2787.0087890625,2804.3464181965073,2771.475376902359,2785.468640525085,1797504
2022-07-26,2742.25634765625,2788.9008455480016,2725.1827872039253,2785.2045320841903,2639367
2022-07-27,2806.458740234375,2811.079185829187,2737.063961878892,2741.464386254903,1389808
2022-07-28,2869.5166015625,2872.5968984818282,2817.7235231303016,2830.3528264453307,2106333
2022-07-29,2905.951904296875,2919.5053390848148,2882.2777092112715,2895.4789811618575,2430257
2022-08-01,2903.2236328125,2928.0419799310016,2878.757233650227,2928.0419799310016,1306913
2022-08-02,2897.06298828125,2915.632647364898,2879.32915186275,2895.4787927773596,1269114
2022-08-03,2939.043701171875,2947.4045082271623,2884.0824388181722,2886.678646457179,2895824
2022-08-04,2952.640380859375,2981.6391313007757,2910.7484743753057,2948.284004184291,2150567
2022-08-05,2961.529541015625,2972.0465119063037,2952.684645379227,2958.141128427601,1106933
2022-08-08,2969.80224609375,2973.718580659818,2935.96302696034,2961.4854873266017,1068836
2022-08-10,2952.0244140625,2979.0870214210518,2935.0827818136504,2979.0870214210518,1878359
2022-08-11,3012.090576171875,3017.547059589707,2970.330590557669,2992.2886658829434,1449248
2022-08-12,2993.65283203125,3009.010270550342,2975.787065603493,3009.010270550342,1472354
2022-08-16,2985.86328125,3005.3572860290433,2981.2868838403115,3001.96887403079,839942
2022-08-17,2993.2568359375,3008.086137566978,2966.8542889674754,2979.175477553487,1622326
2022-08-18,2975.787109375,2985.248022181146,2958.845474815157,2983.4878523567468,1430659
2022-08-19,2979.747314453125,3011.2103481950435,2966.986083984375,2980.847420528017,1398410
2022-08-22,2952.288818359375,2978.2953698990436,2945.996082460912,2961.4856625107705,1536532
2022-08-23,2890.726318359375,2941.1550002452464,2877.876995674506,2921.8371838740786,1849256
2022-08-24,2864.984130859375,2911.3205094918117,2860.4515652345717,2897.239152734898,1691923
2022-08-25,2832.2890625,2885.0501070521514,2829.252812696223,2883.158010542912,1946930
2022-08-26,2835.8095703125,2866.436568329258,2831.0571977170034,2846.4586837304396,1457962
2022-08-29,2756.91015625,2765.8429325569255,2711.541734052689,2750.265471896999,2539173
2022-08-30,2826.084228515625,2839.5936161841482,2765.314544774919,2776.6675527850575,3431525
2022-09-01,2756.16162109375,2807.4706096920486,2746.7447563789606,2807.4706096920486,3546935
2022-09-02,2755.017822265625,2783.7086773807573,2746.129093251486,2783.7086773807573,2052900
2022-09-05,2757.657958984375,2770.463237341752,2739.0442491650956,2749.077131149413,2147912
2022-09-06,2752.0693359375,2764.214549676102,2733.8516227618284,2759.506009846509,1936453
2022-09-07,2771.9150390625,2782.73990969169,2730.022918646201,2730.022918646201,1291534
2022-09-08,2789.560302734375,2801.74956142263,2781.1556659839825,2789.868418316236,1346113
2022-09-09,2831.8046875,2845.7541171155735,2788.5486067978027,2811.8708533119707,1561185
2022-09-12,2854.071533203125,2877.7019007814883,2838.2740508387974,2851.3872310503625,1785928
2022-09-13,2842.10205078125,2872.1128147669933,2838.273595799271,2872.1128147669933,1972678
2022-09-14,2746.216552734375,2764.698333727928,2740.408121912217,2759.065876894723,5090269
2022-09-15,2732.091552734375,2761.4863014530865,2728.2630976032406,2754.6656437090783,2138023
2022-09-16,2647.91162109375,2723.2910281150525,2640.2549247847733,2707.141382879321,5322221
2022-09-19,2665.600830078125,2677.2179062249493,2629.5173540244687,2671.93739753417,2072220
2022-09-20,2675.72216796875,2710.617448353941,2666.6572505139093,2684.2589485371036,1544295
2022-09-21,2641.310546875,2676.6899140420137,2638.626245172588,2664.896863274496,2253818
2022-09-22,2646.766845703125,2666.612800197156,2622.0365926375753,2631.4534566835873,2017983
2022-09-23,2624.45751953125,2660.056914839661,2621.7732173059885,2643.7753423253407,2652374
2022-09-26,2635.325927734375,2663.0047675160854,2575.216305765953,2604.9191687641182,2925489
2022-09-27,2655.6123046875,2662.256989071138,2619.1328262729608,2648.52757782633,2227447
2022-09-28,2671.6298828125,2684.215140995731,2622.653239635574,2622.653239635574,2739767
2022-09-29,2637.878662109375,2689.4076788755,2631.4539990051267,2687.7794357731295,2493902
2022-09-30,2644.258544921875,2657.5917422646244,2596.33797567958,2632.2014274292333,2817353
2022-10-03,2627.00927734375,2658.4723112978595,2617.372391035595,2635.8541732184285,1763331
2022-10-04,2720.474365234375,2726.5030327729664,2660.4966649685857,2666.6132120788957,2145875
2022-10-06,2729.9794921875,2749.385408482111,2721.6186850874424,2737.9443040294004,1790816
2022-10-07,2697.371826171875,2732.663312710145,2691.387421404363,2725.9745822630443,1939879
2022-10-10,2744.588623046875,2752.0252969781927,2644.6549464085288,2649.055370612203,3064063
2022-10-11,2701.46435546875,2767.8667110161023,2687.2070246042927,2728.2628948012457,4730645
2022-10-12,2728.92333984375,2736.9760309872313,2694.8640961111873,2714.97390779249,1665247
2022-10-13,2731.16748046875,2737.064006255312,2686.3271983230893,2728.9232210277037,2054781
2022-10-14,2727.514404296875,2772.2667971102837,2702.740106008153,2767.866373622807,2245977
2022-10-17,2745.691650390625,2760.3829006019378,2710.132396730235,2711.191188700507,1517005
2022-10-18,2774.765625,2784.1629159418735,2760.5155551789203,2779.442189863882,1793722
2022-10-19,2754.603515625,2787.3831970318834,2745.9121586461606,2787.3831970318834,1194289
2022-10-20,2785.883056640625,2788.265392214425,2739.7354565904398,2739.7354565904398,1587601
2022-10-21,2768.32421875,2788.6185576972553,2759.1477342638077,2786.324544285981,1021913
2022-10-24,2789.765625,2804.1481776168825,2783.853839012355,2797.177599655719,260949
2022-10-25,2790.118408203125,2809.6626504347373,2780.456366973794,2806.3537912248353,2069643
2022-10-27,2785.971435546875,2800.618740078452,2765.6331510594896,2788.8832750526153,2438421
2022-10-28,2791.1328125,2804.5888388623252,2775.0296989844305,2779.4415109065044,1355739
2022-10-31,2817.51611328125,2822.678020775369,2803.971976319488,2822.678020775369,1919414
2022-11-01,2876.2373046875,2878.7962854625307,2826.604408773105,2836.3545585212883,2991060
2022-11-02,2860.354248046875,2885.3251479156916,2843.0159124546703,2885.3251479156916,1405955
2022-11-03,2829.51611328125,2848.310478720669,2819.148353296513,2848.310478720669,1422652
2022-11-04,2838.91357421875,2841.251964551478,2793.6924872868076,2838.5607153182427,1464013
2022-11-07,2853.2958984375,2861.325484271074,2819.2368313071347,2849.1488372988474,1474498
2022-11-09,2837.7216796875,2867.5014111081446,2825.0155316957184,2867.5014111081446,1162267
2022-11-10,2828.545654296875,2845.61945720835,2797.0895129768896,2797.0895129768896,1573092
2022-11-11,2925.86962890625,2948.5023542732615,2872.133843597439,2884.972259916198,3265394
2022-11-14,2943.11962890625,2955.0315206736714,2919.737026547978,2932.9724618451132,1342074
2022-11-15,2940.5615234375,2947.0467589345967,2904.737517701037,2930.326031678355,1400708
2022-11-16,2960.63525390625,2971.7087315184385,2930.723034354456,2946.120217692935,1748235
2022-11-17,2955.03271484375,2964.738704650642,2927.45888016508,2947.091450456293,1417986
2022-11-18,2950.135498046875,2967.1651410782993,2930.3264987052357,2955.915016760777,1164540
2022-11-21,2897.2373046875,2941.531859652826,2887.9724983225788,2931.6494426143504,1304194
2022-11-22,2924.98779296875,2928.517243290538,2872.310790000173,2894.1492638662367,1149739
2022-11-23,2919.1201171875,2938.2673417659494,2903.855201727249,2938.2673417659494,1150011
2022-11-24,2982.517333984375,2993.811616370863,2919.1197215276015,2926.134459885213,1296591
2022-11-25,2990.900146484375,3002.988685816619,2954.149832260228,2985.032521665577,1588981
2022-11-28,2995.84130859375,3015.0326931639333,2969.6351851613313,2970.0322052062625,2195437
2022-11-29,2997.6943359375,3025.6210229911208,2985.0323478503824,2985.0323478503824,1576028
2022-11-30,2991.9150390625,3013.179847701842,2977.973667402108,2985.032567947061,3410702
2022-12-01,3066.782958984375,3070.621321804839,3017.6795748771697,3022.091387121142,2180856
2022-12-02,3034.57666015625,3060.8269424071414,3011.5029688165296,3051.2976005146584,2411749
2022-12-05,3022.8857421875,3034.577045852439,3006.2091763355406,3029.150602395043,1475065
2022-12-06,2987.10595703125,3007.047220155349,2971.7968815829117,3000.07664261676,1166999
2022-12-07,2982.914794921875,2994.473614579414,2959.4438659290595,2972.0616929376706,1167505
2022-12-08,2956.39990234375,2982.9149402110297,2946.605591813029,2964.7381854060955,1285619
2022-12-09,2905.399169921875,2977.1794466521255,2890.928510850785,2977.1794466521255,1797896
2022-12-12,2899.84033203125,2908.2669373884346,2855.413507309817,2872.5312544502576,1527610
2022-12-13,2940.1201171875,2943.9582647380803,2883.384166419189,2891.6782875951694,1378016
2022-12-14,2969.458740234375,2979.7381772420185,2947.8848046662138,2954.8555977030205,1213311
2022-12-15,2916.296630859375,2968.9294722548675,2910.869971774407,2963.6794580212227,1415694
2022-12-16,2859.075439453125,2904.7377043992556,2845.7958391238103,2889.7375400691258,2703680
2022-12-19,2825.36865234375,2863.7072567112273,2818.70677293607,2847.3835518123956,2120965
2022-12-20,2862.33984375,2866.7958175446647,2791.4860905554474,2822.5893692776544,1529971
2022-12-21,2884.04638671875,2896.8406447177717,2858.854890815874,2866.796154401474,1432566
2022-12-22,2876.2373046875,2906.5023847469665,2863.3549400669413,2906.5023847469665,1384101
2022-12-23,2848.57470703125,2882.5456590355952,2838.559807739689,2838.559807739689,1360281
2022-12-26,2870.2373046875,2887.0905170401593,2845.6636347651533,2848.575474519875,870157
2022-12-27,2876.060546875,2888.6783736131365,2851.354397062912,2884.6194199757956,835883
2022-12-28,2873.943115234375,2881.884378094464,2846.501554071851,2867.5018256081944,910795
2022-12-29,2884.222900390625,2886.6493976682004,2848.266622550191,2851.0020329222307,1037927
2022-12-30,2873.589599609375,2910.9135724032853,2864.324794362259,2899.487022349278,1163131
2023-01-02,2877.78125,2882.546136946802,2854.6192334296225,2877.3842299429016,709547
2023-01-03,2921.811279296875,2929.443629089992,2863.531190519576,2869.4429764459805,1245178
2023-01-04,2924.72314453125,2935.929322035629,2899.6199713139727,2917.708404852759,1231668
2023-01-05,2921.590087890625,2944.707938571476,2895.8690959189257,2938.443079665447,1826057
2023-01-06,2833.751708984375,2913.1643446061225,2823.5603776621383,2911.7966394640803,2488376
2023-01-09,2929.399169921875,2935.619868272381,2842.221716863226,2849.1483482571443,2885060
2023-01-10,2899.796142578125,2910.0316341301827,2850.119304301601,2898.5609212000154,3864655
2023-01-11,2937.120361328125,2955.473546603415,2886.340350306403,2903.061294014139,2720512
2023-01-12,2942.10546875,2955.9143556162335,2925.5170107746744,2937.384743237744,2250391
2023-01-13,2977.576416015625,2981.502886054615,2916.208061086269,2949.6495136518442,1742837
2023-01-16,3008.71044921875,3025.8112471276013,2976.223361566918,2993.324159475769,1843607
2023-01-17,3048.732177734375,3051.8005344403805,2996.933416683974,3005.0551874608955,1688475
2023-01-18,3059.200439453125,3076.3012356043387,3043.1825020489086,3050.1762493662427,2421189
2023-01-19,3043.949462890625,3056.4929982286035,3033.030105416692,3050.1760655484736,1585044
2023-01-20,3034.92529296875,3063.3964349074176,3028.157150767711,3036.6398008661617,1529349
2023-01-23,3081.67041015625,3085.370416009231,3028.1571422247093,3057.3954283238595,1067916
2023-01-24,3100.982177734375,3115.1049457004037,3083.8362182605956,3090.784799878651,1387863
2023-01-25,3095.0712890625,3099.8089883897333,3072.7364208055433,3091.055568934269,874110
2023-01-27,3078.196533203125,3109.736034820771,3052.2519856113963,3091.687653887394,1785879
2023-01-30,3098.5908203125,3120.9708549193124,3055.1845998762938,3086.272889450756,1953798
2023-01-31,3030.954833984375,3112.4433186610536,3024.0062513288462,3112.4433186610536,2820375
2023-02-01,3075.760009765625,3085.3706843730665,3027.6158660636556,3034.835218352332,2205161
2023-02-02,3122.73095703125,3130.4918493970354,3086.3636436537604,3092.590247299983,1813847
2023-02-03,3142.493408203125,3162.0758544483574,3115.9621601108056,3162.0758544483574,1804469
2023-02-06,3122.324462890625,3134.2363491995434,3101.4787169293004,3134.2363491995434,1138714
2023-02-07,3133.6953125,3152.1497379876287,3123.6332079139006,3130.401350781037,1455647
2023-02-08,3176.60546875,3194.473190151551,3138.658702645944,3138.658702645944,1986946
2023-02-09,3195.33056640625,3201.421894965321,3163.249525265047,3172.0029459457633,1655427
2023-02-10,3192.35205078125,3196.6837056013396,3165.820802706398,3176.514554888765,1187821
2023-02-13,3142.58349609375,3202.684683091803,3134.4617259760194,3202.684683091803,1087939
2023-02-14,3158.556884765625,3180.8917554026953,3153.954459659008,3162.9786498154,1579818
2023-02-15,3177.1015625,3181.929592578164,3122.505209592746,3146.7352493817516,1429449
2023-02-16,3210.85205078125,3226.148009166878,3182.8318960368056,3183.0123357780853,1618931
2023-02-17,3159.504150390625,3193.570467173406,3149.442266805479,3182.0646250812088,1061369
2023-02-20,3147.005615234375,3178.319508405955,3135.9509832133717,3160.271129596154,1296082
2023-02-21,3114.247802734375,3166.497771917962,3108.6076842854936,3153.0518176626792,1139541
2023-02-22,3069.623291015625,3110.6381891326687,3063.712402699568,3081.715617084995,1218430
2023-02-23,3080.677978515625,3115.5112191854573,3075.443904333321,3087.175351151494,1441570
2023-02-24,3068.630859375,3098.861897992003,3052.2520415048884,3088.529243781861,977592
2023-02-27,3006.724853515625,3059.2004305919913,2992.4214241424907,3059.2004305919913,1128022
2023-02-28,2989.5791015625,3061.0054827636877,2977.892598362493,3003.70187186879,4116217
2023-03-01,3055.3203125,3058.298339602881,2991.5193259910147,2998.7386788139193,1669307
2023-03-02,2997.339111328125,3041.061261510807,2994.2258102904307,3033.029821695641,1556538
2023-03-03,3016.019287109375,3030.322715031711,3006.047734357381,3026.7130393735433,1043190
2023-03-06,3042.82177734375,3072.691715860364,3031.2256043654165,3033.842531496865,1334132
2023-03-08,3059.56103515625,3064.6146692630373,3005.8221644268447,3035.7372636633854,1844590
2023-03-09,3011.23681640625,3054.68820151513,3005.8223026074047,3054.68820151513,1648500
2023-03-10,3005.95751953125,3011.5976379632734,2968.9583426171757,2989.6236484252595,1024404
2023-03-13,2961.69384765625,3040.9714410429538,2952.7148231102783,3007.7623794090946,1901233
2023-03-14,2901.232177734375,2981.9535203922965,2896.223707775991,2959.934582962972,2670334
2023-03-15,2886.748046875,2942.2018705999863,2880.521443910695,2932.8617458363906,1780522
2023-03-16,2874.204833984375,2905.6090627331,2862.4733856823977,2894.960473287873,1901060
2023-03-17,2869.060791015625,2907.0524989935184,2837.2053560273353,2843.0710795687405,6739966
2023-03-20,2836.5732421875,2860.3518469203977,2793.031532261789,2860.3518469203977,2289468
2023-03-21,2803.00390625,2848.7113431184507,2795.1978492579433,2836.573850929424,1815297
2023-03-22,2825.293212890625,2836.753889168361,2803.003509518878,2824.616398697249,1123939
2023-03-23,2819.74365234375,2839.3263223706044,2798.4015295151034,2810.9450664318592,1372218
2023-03-24,2815.998291015625,2860.668028367099,2802.9132164379207,2841.6269006823486,1329577
2023-03-27,2817.622802734375,2845.1014163917093,2802.9133294148437,2829.083479625092,1524217
2023-03-28,2811.847412109375,2842.2139451414596,2806.6585026044622,2821.8643516283278,1303530
2023-03-29,2832.60302734375,2842.619966782127,2801.1990211073035,2823.6691670035793,1740616
2023-03-31,2893.06494140625,2899.472204338833,2844.424646148771,2878.671402631456,2382581
2023-04-03,2887.74072265625,2910.256032039784,2864.0522245407105,2910.256032039784,1521830
2023-04-05,2923.656982421875,2945.8114118907883,2874.6555889687143,2874.6555889687143,2655065
2023-04-06,2906.4208984375,2939.494687765259,2901.277154078457,2910.3013442933197,1703464
2023-04-10,2944.9541015625,2952.7149931554736,2901.2771097172517,2905.7892047556925,2203187
2023-04-11,2900.194091796875,2953.572085045166,2880.656589162442,2945.4954794330633,2348779
2023-04-12,2925.326171875,2942.742900903807,2886.8380934850798,2912.9630768697316,2417727
2023-04-13,2877.67919921875,2914.813656593064,2869.692702156639,2896.7652748184937,4174070
2023-04-17,2833.14404296875,2854.7117658395036,2770.6515362079326,2828.2710691965544,5505048
2023-04-18,2825.248046875,2848.8012689229336,2807.064393679631,2847.08654077672,2617302
2023-04-19,2788.113525390625,2833.595349886156,2771.7796551513784,2825.2479750497077,3298034
2023-04-20,2801.829833984375,2809.229623816009,2777.644966946892,2788.4739921591604,2419999
2023-04-21,2852.4111328125,2855.6597089636048,2798.2208287767953,2806.523039363576,1929184
2023-04-24,2864.999755859375,2870.5495443318514,2821.09694130206,2843.612470588807,1640676
2023-04-25,2866.082275390625,2879.79899788449,2840.3633380957153,2872.399207357796,2024090
2023-04-26,2886.071533203125,2895.321328903337,2870.595133890123,2870.595133890123,2000029
2023-04-27,2876.866455078125,2887.018668292053,2861.254563139059,2874.20436323212,2434446
2023-04-28,2905.11181640625,2912.3311670411026,2884.356183331048,2888.101133346039,2931312
2023-05-02,2905.24755859375,2919.325382723846,2896.7649083596743,2919.325382723846,2321159
2023-05-03,2869.60205078125,2902.1794643631756,2863.510722614443,2902.1794643631756,2468285
2023-05-04,2906.4208984375,2909.8049697680735,2867.8876502834637,2869.827763052802,1953253
2023-05-05,2915.4443359375,2927.4465498879426,2896.8094760818485,2905.7884989639874,1710027
2023-05-08,2933.40283203125,2937.2381121830967,2915.9861039841476,2928.349198292563,928235
2023-05-09,2962.867431640625,2976.1781130132586,2929.2523210554996,2935.208375084693,1107375
2023-05-10,2966.070556640625,2983.848165339088,2947.345364010718,2968.9582531273554,1559987
2023-05-11,2961.873779296875,2986.7354613255056,2952.714316594422,2986.1038122282835,1719623
2023-05-12,2954.790771484375,2968.95870665941,2941.886134866163,2959.1673717339913,1027479
2023-05-15,2937.4189453125,2970.7632825646147,2931.372782209103,2963.5439307236315,1150390
2023-05-16,2940.216552734375,2964.446592461722,2933.2679700818376,2938.456879642463,986306
2023-05-17,2895.591552734375,2959.9340659758723,2886.161319057114,2938.2308468250335,1588815
2023-05-18,2887.60546875,2913.865728945654,2883.228648558824,2911.1584719986504,1369364
2023-05-19,2908.361083984375,2918.8741769245094,2890.4931442019483,2896.764912019686,1152449
2023-05-22,2976.80908203125,2985.6076660126437,2903.1266694318583,2914.8129497334676,1333243
2023-05-23,2975.32080078125,3003.205461561012,2969.049032388337,2983.397407291097,1687418
2023-05-24,2981.005859375,2993.5042301988665,2956.324611866416,2956.324611866416,1016555
2023-05-25,2972.11669921875,2983.3969356663692,2948.2929279682253,2972.567908676655,1374917
2023-05-26,3004.0625,3012.861085188572,2969.860908265637,2972.1169557498865,1791115
2023-05-29,2996.346923828125,3042.9567756365113,2988.8116372799896,3032.84972720672,1210372
2023-05-30,2992.601806640625,3002.3028107703726,2979.201016847023,2991.518947917476,1344224
2023-05-31,2968.507568359375,3002.979933206516,2946.5335755997253,2986.104740447233,5815424
2023-06-01,2999.64111328125,3014.0798190010155,2975.727006932889,2990.616922206397,1177314
2023-06-02,2983.0361328125,3010.379250409834,2975.681286269555,3001.670995775546,2030661
2023-06-05,2967.96533203125,3002.3475790890493,2964.4911515736353,2991.518552654102,1861468
2023-06-06,2916.88916015625,2967.921001860694,2906.3309012594705,2959.934505084444,2022849
2023-06-07,2955.331787109375,2958.8965182829807,2924.739872252775,2935.568899857537,1567196
2023-06-08,2920.633544921875,2950.9097424591514,2917.52024384417,2942.7879725257776,1759366
2023-06-09,2896.13330078125,2932.8617095107734,2892.5687898438873,2928.3496145730646,1775689
2023-06-12,2930.06396484375,2936.832106886092,2897.667213061257,2901.2768888171727,2324605
2023-06-13,2927.17626953125,2946.3978370029945,2922.9349445796934,2941.885742306206,1371928
2023-06-14,2933.80908203125,2938.140736922636,2911.068169247874,2927.1762148240855,1658544
2023-06-15,2924.035888671875,2952.3552093195044,2918.3083232724543,2950.4006679163926,2273810
2023-06-16,2886.398193359375,2908.671889511213,2869.2157165388,2906.490065201059,4156189
2023-06-19,2918.671875,2922.7629614182097,2886.488750625675,2900.1257053530403,1468186
2023-06-20,2934.400146484375,2938.7640167937166,2910.171910116586,2921.9451044006205,1528452
2023-06-21,2962.128173828125,2965.0373462739954,2930.990462369648,2954.6733500744476,1645987
2023-06-22,2944.21875,2970.7198119240816,2936.5821435529915,2963.7650532654006,1529603
2023-06-23,2924.08203125,2954.1286173145772,2917.5361139538345,2943.128271216813,1119505
2023-06-26,2899.80712890625,2921.853536828419,2884.6701994656482,2913.7623666206755,1978803
2023-06-27,2906.80810546875,2917.9902315635795,2893.1256488765357,2911.035472947951,863542
2023-06-28,2923.26318359375,2937.354704231224,2903.2168146828576,2916.4902067752564,1575872
2023-06-30,3002.176025390625,3009.2217863707983,2922.0362650887305,2927.4000459558824,2672406
2023-07-03,2974.94775390625,3017.222321791973,2971.720296267923,3013.1312345772258,1687264
2023-07-04,3008.17626953125,3013.767332814385,2979.493160479394,2991.0390723859205,1656681
2023-07-05,3018.266845703125,3026.494518629424,3004.675393232276,3018.312346605493,1453008
2023-07-06,3020.949462890625,3025.9951812448,3001.9487253976645,3006.085313308048,1848238
2023-07-07,3026.722412109375,3051.859779118901,3001.948608480936,3001.948608480936,1789326
2023-07-10,2974.62890625,3022.6310315390187,2968.492276589758,3022.6310315390187,1407431
2023-07-11,2975.037841796875,2995.5842749230624,2964.4920637140776,2995.5842749230624,1110172
2023-07-12,2963.674072265625,2990.266136197233,2954.764772000077,2982.811311383607,1515240
2023-07-13,3036.99560546875,3061.4511244735218,2975.3565198894707,2985.5842369007783,4585146
2023-07-14,3195.274658203125,3204.547964647963,3047.4047065554155,3059.223400226424,6306101
2023-07-17,3174.41064453125,3227.3219906075915,3161.0919726546085,3191.047775615765,2743228
2023-07-18,3179.092529296875,3203.775329331685,3150.136639084645,3160.137072859517,2600090
2023-07-19,3154.727783203125,3197.2751275399046,3132.5448697161914,3181.9561925165294,2405370
2023-07-20,3156.77880859375,3170.9979886535184,3131.940584552698,3147.4816096060504,1715404
2023-07-21,3070.187255859375,3130.892661714448,3061.7559309462104,3102.773187280526,3770223
2023-07-24,3094.295654296875,3111.3405552900845,3073.6503948838067,3081.762606135278,1680132
2023-07-25,3098.30615234375,3105.2792181395616,3081.0333776826646,3096.8022755718303,1272980
2023-07-26,3088.41650390625,3118.085690977951,3085.4085278953876,3099.4000558754824,1066803
2023-07-27,3096.25537109375,3109.699914070163,3085.454295510359,3094.4780014441108,1701769
2023-07-28,3058.42822265625,3093.338502704607,3036.1878482954903,3085.4085459262187,2599831
2023-07-31,3118.63330078125,3123.373028416749,3063.442255658803,3066.6324869082755,2743678
2023-08-01,3146.5244140625,3153.770750326194,3112.753500683223,3112.753500683223,1956167
2023-08-02,3136.133544921875,3141.3746384347655,3111.477796074465,3130.9380706417523,1914899
2023-08-03,3099.03564453125,3129.3884555329005,3069.913440103345,3117.3111535491207,2026351
2023-08-04,3138.77685546875,3163.7973343932103,3100.220594527487,3100.220594527487,2248493
2023-08-07,3175.692138671875,3179.2924970791487,3136.6801334786755,3148.2560679609046,1853889
2023-08-08,3163.4326171875,3181.06990066204,3150.67169533121,3175.6921726071587,1634225
2023-08-09,3156.0498046875,3160.1515300654332,3121.9143791043803,3158.2373025425936,1794589
2023-08-10,3137.455322265625,3158.237218937404,3126.4717689822373,3144.656039836463,1096701
2023-08-11,3143.56201171875,3159.8320536556635,3111.8419612799826,3133.8090658955844,1679974
2023-08-14,3144.519287109375,3149.213394617888,3109.1076379281085,3136.178979187144,1190425
2023-08-16,3152.31201171875,3159.2394578812937,3131.165387032337,3144.655548093036,1328445
2023-08-17,3131.66748046875,3154.5004640383327,3111.113233332602,3149.213751006194,1843241
2023-08-18,3069.0927734375,3108.1957927852245,3059.4308441300896,3108.1957927852245,2526749
2023-08-21,3100.584716796875,3107.967910164372,3073.558997895524,3076.293480989737,1375579
2023-08-22,3082.810546875,3109.1072480565263,3067.224126908382,3099.0808101413627,1222012
2023-08-23,3097.486083984375,3100.9041882483175,3077.2053320183186,3088.143265662933,1330046
2023-08-24,3087.915283203125,3110.9761369975763,3079.1194508870794,3106.3730455778173,1152881
2023-08-25,3082.036376953125,3086.138102175971,3053.73442840892,3076.2939171345733,1158046
2023-08-28,3076.795166015625,3093.6121942799687,3062.712621128665,3093.6121942799687,1037485
2023-08-29,3077.342041015625,3089.556200731551,3067.178966440109,3081.8084975473785,944517
2023-08-30,3090.832275390625,3106.464539813538,3083.6315577486384,3097.258356216005,1188200
2023-08-31,3059.70458984375,3114.941019553153,3047.7183044022304,3099.9925997056025,3417652
2023-09-01,3080.121826171875,3089.0545157816123,3059.7044406634573,3068.0901446211,1277950
2023-09-04,3115.943603515625,3129.023637156642,3071.7817443830672,3079.028080349797,1828332
2023-09-05,3125.833251953125,3141.9210382883625,3103.7749105597304,3117.310690729968,1501842
2023-09-06,3126.3349609375,3139.0958842003674,3097.3496132666887,3130.0721774776193,1314818
2023-09-07,3149.44091796875,3153.770516220787,3119.4072230217057,3127.15492515693,1885092
2023-09-08,3137.272705078125,3158.3283161992513,3131.029101522507,3149.441245179643,1518917
2023-09-11,3172.593017578125,3177.1961089834826,3140.098329969077,3155.5937353709564,1783604
2023-09-12,3263.87939453125,3272.173860566186,3174.7351921738095,3182.9386422827856,4476016
2023-09-13,3252.0751953125,3271.2165766015924,3231.247460468154,3255.037551940574,1754929
2023-09-14,3244.9658203125,3279.2834969091505,3231.794770182642,3254.0807646975677,2604721
2023-09-15,3279.830322265625,3288.079391037457,3247.153159229306,3252.0753624763356,2952897
2023-09-18,3286.98583984375,3298.9721261758623,3258.820748484001,3263.1959666407256,1395753
2023-09-20,3286.89453125,3304.167306178493,3263.1500568604156,3263.1500568604156,1649396
2023-09-21,3267.9814453125,3285.93784338978,3215.752763239707,3270.9438025915615,2004073
2023-09-22,3284.707275390625,3312.143350603467,3249.5237189665327,3266.7964963365184,1989083
2023-09-25,3260.552490234375,3299.6101189147753,3243.6898418366063,3283.658965024994,1238778
2023-09-26,3268.345703125,3276.7770270409974,3223.0444721045315,3251.847786603666,1726062
2023-09-27,3271.626953125,3294.1408207023737,3241.000651722388,3272.264954709884,1541134
2023-09-28,3223.72802734375,3283.9322808574702,3215.160068443675,3281.38005186612,1755753
2023-09-29,3216.299560546875,3252.6224826131343,3195.289567953573,3224.138279675587,2243791
2023-10-03,3202.855224609375,3221.404005246326,3172.0922834404655,3221.404005246326,1948148
2023-10-04,3224.639404296875,3233.982222159653,3169.539610773689,3177.7430606044213,1788138
2023-10-05,3271.6728515625,3303.2560467713934,3236.8992030912727,3239.451432181438,2990768
2023-10-06,3300.88623046875,3313.2370259636054,3258.638592157678,3273.176885530309,2075691
2023-10-09,3316.3359375,3353.388098061812,3309.636364246382,3322.4429058385053,4233074
2023-10-10,3307.72216796875,3325.13180122624,3282.610673537835,3317.885464751515,1848148
2023-10-11,3290.40380859375,3326.954825968897,3285.937574689828,3326.954825968897,2426417
2023-10-12,3229.014892578125,3271.0346556007717,3224.958786550778,3258.5928446615626,4241281
2023-10-13,3254.810302734375,3260.4159050312583,3213.018189889624,3217.575662499397,2890357
2023-10-16,3212.15185546875,3258.27333816753,3207.640002736549,3250.389000692715,1671104
2023-10-17,3196.656494140625,3221.3578589700005,3193.2840093522973,3217.5752462064243,1672065
2023-10-18,3178.609130859375,3210.9215657245095,3175.6467737942685,3200.2571247966926,1408245
2023-10-19,3157.9560546875,3177.3299169246034,3154.529105910934,3170.613008079076,1514545
2023-10-20,3193.504638671875,3198.028165823499,3147.355068054905,3153.1578999999892,1481211
2023-10-23,3116.37548828125,3179.2486146541296,3108.288023694424,3173.811234327899,1106272
2023-10-25,3098.052978515625,3129.9463572629693,3086.2641415822154,3098.418430452583,1518537
2023-10-26,3049.298583984375,3083.065403130757,3043.1300770713924,3077.9022236248165,1984471
2023-10-27,3062.275390625,3072.3735099895516,3049.5271870419792,3061.407274974717,1108851
2023-10-30,3087.497802734375,3091.427414880595,3046.5571476248833,3061.407257455826,910972
2023-10-31,3078.542236328125,3106.1862890625,3061.4532301686027,3106.1862890625,999811
2023-11-01,3043.72412109375,3081.14657643751,3025.767000563393,3065.9765288100825,1563475
2023-11-02,3070.637451171875,3085.1218868690776,3055.193202126613,3055.193202126613,1245384
2023-11-03,3062.229736328125,3096.0422952066797,3056.1984407717223,3090.6506520884154,1402598
2023-11-06,3089.051025390625,3100.0629966023776,3069.631652773348,3084.253298038121,1099852
2023-11-07,3080.095703125,3110.8925036423684,3076.0291020236123,3086.99533768145,1191144
2023-11-08,3090.2392578125,3108.8817673622384,3079.273023228274,3081.009254460664,992899
2023-11-09,3059.076904296875,3099.3321699375433,3054.1421877854477,3098.0528650963947,2112352
2023-11-10,3046.283447265625,3059.077390143551,3036.1398121347497,3050.4415233226823,1338557
2023-11-13,3044.546875,3066.8905352612105,3040.388799408238,3066.8905352612105,1030990
2023-11-15,3111.02978515625,3118.9802615645867,3066.9363782941077,3091.6561463483945,2059802
2023-11-16,3196.52099609375,3225.3073673120084,3120.077054215627,3134.561714373673,3951984
2023-11-17,3200.724365234375,3220.8748683172735,3191.6773098626118,3196.5207753389523,2021292
2023-11-20,3216.397216796875,3229.4651366518156,3190.4893941274177,3190.4893941274177,1475621
2023-11-21,3207.806640625,3234.171387970376,3199.39923794906,3216.396992381275,1807236
2023-11-22,3226.037841796875,3228.3224741290987,3181.2135339255397,3198.485265113703,1798051
2023-11-23,3206.024169921875,3238.6944083811372,3198.484884123584,3225.900468844643,2729804
2023-11-24,3159.281005859375,3202.6432821116277,3155.5341196594813,3193.230552452981,1989733
2023-11-28,3171.20654296875,3181.350399374295,3137.25699707058,3159.2809411434473,1689195
2023-11-29,3211.05078125,3214.934656261117,3176.37010665481,3181.122097340804,1441634
2023-11-30,3187.153564453125,3213.7008135539186,3181.1220458782195,3197.982587796699,3266235
2023-12-01,3209.1318359375,3213.975301516175,3189.3927447706055,3198.4855376057844,1172141
2023-12-04,3209.862548828125,3242.1673378334053,3196.657419148335,3239.288567355795,1625213
2023-12-05,3227.363525390625,3233.212095675802,3201.0445128900183,3233.212095675802,1377656
2023-12-06,3293.617431640625,3301.613644771774,3221.468564387526,3228.276947197519,1896572
2023-12-07,3303.48681640625,3317.788748405097,3282.2854733793333,3294.4397617823906,1967653
2023-12-08,3314.2705078125,3330.9940617152665,3291.74412143969,3320.027826121142,1641155
2023-12-11,3329.074951171875,3338.304955567598,3303.5785421234236,3310.797891464415,1102503
2023-12-12,3355.759521484375,3379.7936756866497,3318.2000758331174,3325.4651621953826,2236866
2023-12-13,3283.97607421875,3335.563024872104,3256.0578240052896,3329.6687183950803,3850968
2023-12-14,3351.326904296875,3361.150822552023,3315.0927276038888,3317.285885226711,3290396
2023-12-15,3528.385986328125,3560.325100013102,3350.8243262846063,3350.8243262846063,8531230
2023-12-18,3526.7412109375,3590.5281905815186,3500.1937384877283,3525.736106571666,2521612
2023-12-19,3487.445556640625,3522.9945699903956,3463.5026541544753,3513.7645660221524,2004435
2023-12-20,3454.409912109375,3562.929950670811,3442.0728971992326,3497.543727025331,2586083
2023-12-21,3461.21826171875,3478.764194819794,3420.8717407298955,3432.6603552689257,1517562
2023-12-22,3494.573974609375,3514.6330039266295,3437.915086945729,3472.6415019653828,2413058
2023-12-26,3468.574951171875,3503.7125559440015,3463.640010889861,3490.781624669307,1285231
2023-12-27,3482.876220703125,3489.2731911736523,3443.3978189924524,3471.727259647645,1293976
2023-12-28,3472.5498046875,3507.3676920200533,3465.4219300223085,3494.5737504650037,1682889
2023-12-29,3466.610107421875,3493.294795252036,3441.02222175028,3465.330802381758,1574996
2024-01-01,3482.78515625,3501.8845941510544,3447.967268719188,3463.5027692673525,825907
2024-01-02,3457.28857421875,3482.785206409597,3442.7126637044803,3482.785206409597,1344068
2024-01-03,3373.717041015625,3446.9167605117736,3369.4219762467496,3442.484483918429,1803075
2024-01-04,3350.916015625,3398.6190946223346,3336.477094505551,3382.8551313574153,3598144
2024-01-05,3415.890869140625,3424.8924099852666,3358.2726188503784,3358.409607550091,1963127
2024-01-08,3361.425048828125,3417.581262942363,3356.033183042012,3415.8905458931986,1067805
2024-01-09,3372.026123046875,3429.096421850745,3365.4921632868704,3390.348920468523,1370944
2024-01-10,3393.181640625,3407.9860133570014,3370.2895802803837,3372.1172861265227,1292227
2024-01-11,3413.74365234375,3447.9674029085904,3387.6531043154373,3403.188605468219,1777909
2024-01-12,3548.30810546875,3568.824058571868,3492.3803522837784,3516.505979741258,6813450
2024-01-15,3567.4990234375,3623.4267767315314,3550.3185441619166,3618.85751219593,2801505
2024-01-16,3528.66015625,3563.1123650684103,3523.4055022107223,3563.1123650684103,1432672
2024-01-17,3549.953369140625,3573.1194082779125,3484.1102174250937,3490.0045245140536,3458696
2024-01-18,3566.40283203125,3572.068676049219,3529.3003107278364,3562.1990189583394,2239110
2024-01-19,3628.471435546875,3647.3359347309056,3602.705290319906,3630.2658185854475,2941975
2024-01-23,3550.43701171875,3620.051529496022,3536.17360896319,3588.8561772055014,2618854
2024-01-24,3535.299072265625,3573.8101208438484,3501.98717363284,3570.451409769425,2657709
2024-01-25,3506.312744140625,3552.967832360233,3477.2337152693226,3533.55110917134,2205154
2024-01-29,3497.75439453125,3515.2385654063073,3479.212061073679,3497.5703955598956,1646747
2024-01-30,3497.339599609375,3540.8199627037898,3484.8705828264347,3503.689023084978,1411621
2024-01-31,3511.511962890625,3528.1219717224376,3493.567680561833,3507.1409197592525,2459358
2024-02-01,3546.663818359375,3593.3649569612444,3501.481176697016,3515.2384129880293,2363107
2024-02-02,3649.86669921875,3666.522537605696,3563.089954213246,3565.896668660393,2826510
2024-02-05,3656.307861328125,3701.1225020871434,3646.001448771063,3665.233944757109,1691523
2024-02-06,3806.028076171875,3818.8190381100667,3671.6760212586514,3678.1175581380526,4474396
2024-02-07,3757.6240234375,3823.511826118587,3748.927994541734,3821.671387213115,2124267
2024-02-08,3804.279541015625,3826.272697294097,3760.0629489197368,3763.697771027623,2345173
2024-02-09,3803.9111328125,3850.8881536905233,3772.8995591447865,3806.533398655103,2100596
2024-02-12,3791.948486328125,3827.7449332471438,3778.006802130109,3800.5063475256047,1013716
2024-02-13,3818.450439453125,3837.3149373465553,3755.8755196115026,3796.3193423865514,1257415
2024-02-14,3772.991943359375,3786.6110118014235,3726.4287482560744,3779.3413678448446,1391283
2024-02-15,3775.8447265625,3815.505826442883,3757.2561134518432,3798.665989794075,1091582
2024-02-16,3798.94189453125,3817.024566750078,3772.9919748251077,3785.092771105926,1307556
2024-02-19,3776.396240234375,3798.9416158104596,3731.4897126948135,3794.1104639012988,772291
2024-02-20,3709.082275390625,3771.0591425249713,3690.0798344375635,3756.4277437698097,1193648
2024-02-21,3673.0556640625,3739.1735165389455,3663.0253626616636,3692.8403807798604,1885939
2024-02-22,3761.029052734375,3768.252640712782,3654.191483338692,3654.191483338692,2982052
2024-02-23,3728.821533203125,3800.5065425299695,3723.5761023123614,3800.5065425299695,2538072
2024-02-26,3681.843994140625,3726.8886902919344,3665.0039336444943,3714.0056182761105,1379284
2024-02-27,3776.94873046875,3794.985122078048,3679.957687485479,3679.957687485479,2960475
2024-02-28,3790.338134765625,3823.4197548467,3762.7773821335977,3768.850920451233,1939225
2024-02-29,3768.39111328125,3807.9605533454464,3740.2783615123485,3771.97987960793,3772719
2024-03-01,3767.70068359375,3809.708612609149,3760.752981650241,3779.5255936695676,2043265
2024-03-04,3755.139404296875,3789.371522353806,3750.722306075315,3777.500781504877,1749271
2024-03-05,3692.0126953125,3739.7719968440197,3662.4735599013775,3737.931557869195,2070859
2024-03-06,3740.047607421875,3747.133251594711,3642.6422978412556,3675.4021970769513,1744204
2024-03-07,3780.814208984375,3794.985500474008,3715.57050678028,3740.692545932794,2688905
2024-03-11,3793.466796875,3821.6714335783654,3762.7773878887397,3762.7773878887397,2304068
2024-03-12,3857.79052734375,3892.482985177985,3792.2707136347426,3793.467268682179,4039801
2024-03-13,3817.990478515625,3902.6506674824695,3802.2546361359555,3869.522767451965,2837260
2024-03-14,3871.915283203125,3887.9270110877537,3760.0165129714937,3822.0854919676153,2919608
2024-03-15,3882.6357421875,3900.8100755188275,3843.756472149597,3858.1119847979994,3373143
2024-03-18,3821.211669921875,3915.3041186273567,3789.326152475134,3878.9554465113024,1526904
2024-03-19,3659.989013671875,3734.250681402964,3650.142710085243,3728.0391998604628,8931209
2024-03-20,3654.099365234375,3697.441791681991,3644.2530619412323,3667.994768950826,1817913
2024-03-21,3655.98583984375,3688.6075746001366,3633.0264093675964,3671.721682393882,3829582
2024-03-22,3598.88623046875,3623.824267937054,3547.4460520308135,3586.095269718309,5852485
2024-03-26,3568.15087890625,3631.8300192271254,3562.583506361182,3565.8503303060525,3440925
2024-03-27,3534.471435546875,3584.255406670317,3523.8889099559356,3578.273979162395,1968575
2024-03-28,3567.046630859375,3602.65907796181,3534.1027302458065,3542.9369266623094,4311783
2024-04-01,3604.269775390625,3619.499453254275,3577.8595203158884,3586.7395487458493,1569676
2024-04-02,3573.948486328125,3597.9202488822098,3564.0100709420926,3579.653802211397,2142666
2024-04-03,3632.382568359375,3663.393921354347,3543.7653833548334,3543.7653833548334,3973090
2024-04-04,3683.9150390625,3707.2424702980325,3621.2940525690565,3658.700888118243,3394637
2024-04-05,3661.783447265625,3682.718440901434,3644.5293316317166,3660.633172890031,1636819
2024-04-08,3655.617919921875,3710.9229755652163,3644.0691205793664,3665.2341685019233,2302538
2024-04-09,3631.692138671875,3695.463391899339,3611.9074203697137,3666.1543123632814,1876992
2024-04-10,3666.752197265625,3671.8594599447097,3605.419663202159,3640.7559988262524,2101965
2024-04-12,3682.16650390625,3693.163307517169,3630.7263197194047,3654.191918795021,4354821
2024-04-15,3626.769287109375,3739.956293057097,3606.386513708371,3682.1664597219246,4200329
2024-04-16,3563.82568359375,3615.2658574140637,3554.6695456341977,3590.6960447365877,3051420
2024-04-18,3553.887451171875,3621.9836892316157,3542.844817972998,3567.5067437164125,3476284
2024-04-19,3520.943359375,3545.1912299896135,3497.661764045418,3531.801993030296,2957749
2024-04-22,3556.2802734375,3568.6111245390066,3507.876639180684,3530.8821260588365,1728883
2024-04-23,3565.574462890625,3584.2549637317557,3552.5995026977444,3567.737068587587,1807586
2024-04-24,3525.4072265625,3587.0158818061273,3519.333687538785,3579.6541252503425,1317312
2024-04-25,3544.869384765625,3564.6080473941747,3506.9563876693583,3507.1403866301107,2856271
2024-04-26,3516.48095703125,3567.507084546707,3499.1807851009403,3547.5841971159175,2039178
2024-04-29,3561.43359375,3568.427352070046,3514.5023975397753,3531.8025697028056,1110693
2024-04-30,3515.836181640625,3572.061677179968,3506.0359348375546,3563.0895379766434,2203078
2024-05-02,3555.083984375,3562.261741296734,3476.635273211625,3476.635273211625,2491044
2024-05-03,3536.771728515625,3582.9669296548414,3494.625852857069,3579.7919924770404,2962234
2024-05-06,3608.226806640625,3625.618865765193,3545.6058231496777,3545.6058231496777,2053831
2024-05-07,3661.507080078125,3669.8351109068294,3601.278762922236,3617.198604098228,2062112
2024-05-08,3659.6669921875,3666.43069555621,3624.3767082288086,3644.9895357076884,1247685
2024-05-09,3644.2529296875,3654.1913444311836,3598.104015290975,3645.909369588605,1726486
2024-05-10,3583.24267578125,3656.5843507790987,3575.098867879944,3646.4619361248674,1672489
2024-05-13,3632.84228515625,3639.467820073099,3561.249169072792,3574.592350714021,931326
2024-05-14,3589.960205078125,3631.0020839186186,3582.322338430397,3621.983888045264,1058317
2024-05-15,3570.8193359375,3613.655594732349,3566.3103506592815,3592.996713752849,1115021
2024-05-16,3615.82080078125,3623.745907431527,3562.569994938758,3606.6908950730917,2599399
2024-05-17,3553.857177734375,3633.4784647992665,3550.0567653523444,3632.5515570276343,2765804
2024-05-21,3540.972900390625,3563.7285306494523,3531.564877355128,3550.6128766567804,1908117
2024-05-22,3551.910888671875,3560.4847863024115,3538.517115470372,3554.691612227725,1311168
2024-05-23,3608.86962890625,3619.575460739444,3545.886280424774,3560.206962660713,2095742
2024-05-24,3568.131591796875,3599.924574735908,3563.3117164748414,3594.7801911641072,1309452
2024-05-27,3565.860595703125,3622.6800874842297,3560.5772666527496,3573.2294672441094,1841538
2024-05-28,3559.23291015625,3587.132923412234,3550.0566141263193,3576.0100306264594,1801993
2024-05-29,3525.6328125,3567.57539103945,3522.2496895007944,3567.57539103945,1568095
2024-05-30,3463.020751953125,3517.059302364095,3443.8799677297247,3500.931195160499,2919230
2024-05-31,3402.63232421875,3475.7190986563346,3386.6895544695403,3466.635356473782,10956800
2024-06-03,3432.200927734375,3477.3412961491067,3425.851518249575,3459.961773430714,2156773
2024-06-04,3443.46240234375,3471.269635740873,3328.989291525593,3429.5587856451884,3395997
2024-06-05,3472.61376953125,3507.2338672517226,3429.5589463958036,3444.389471569407,2799670
2024-06-06,3550.427734375,3559.2333589407076,3468.025717115301,3504.638577151665,4328036
2024-06-07,3609.33251953125,3628.8439736397468,3556.8232840964106,3556.8232840964106,4552445
2024-06-10,3576.6591796875,3620.409183775903,3561.0870829656333,3610.305978999996,1734661
2024-06-11,3570.541259765625,3596.355503563825,3560.252493725204,3563.9601245439753,1419898
2024-06-12,3551.586181640625,3608.9155195936296,3547.693214139478,3591.211490093849,2177001
2024-06-13,3594.6875,3605.6714482720763,3570.4489508339425,3574.898153664247,1932323
2024-06-14,3551.956787109375,3604.7441367037127,3548.2027655700213,3604.7441367037127,1860730
2024-06-18,3536.24609375,3561.179823442644,3517.661546809407,3546.395689059985,1774045
2024-06-19,3523.825439453125,3553.625661858595,3515.714995969622,3547.8786522964565,1509050
2024-06-20,3510.431396484375,3531.4721572718627,3503.757705904956,3518.5418393437685,2846526
2024-06-21,3532.2138671875,3594.363079879569,3520.4421834921905,3547.2761188024833,4642195
2024-06-24,3537.82177734375,3575.083426076877,3514.185628169532,3530.3601242080126,1702154
2024-06-25,3557.888916015625,3566.4164218366413,3515.668223832292,3538.0067905497995,1338808
2024-06-26,3574.017578125,3584.3061190627222,3560.2529065957383,3563.4970839383795,1639845
2024-06-27,3646.593994140625,3653.870310416638,3539.0265319698215,3550.983551295317,4526556
2024-06-28,3618.787109375,3670.555002133022,3612.94777109011,3631.4395370159273,2731571
2024-07-01,3687.425048828125,3709.207384987959,3600.110367863626,3600.110367863626,2658723
2024-07-02,3723.75927734375,3729.320724102144,3691.4566765329196,3701.699052905465,2307449
2024-07-03,3675.421142578125,3731.8235725519535,3665.9203376575206,3726.169344471108,1821198
2024-07-04,3727.050048828125,3751.52055167907,3691.0398148782656,3707.492429103772,2518001
2024-07-05,3718.568603515625,3732.4258292933814,3696.5081535287777,3716.900124285456,1668616
2024-07-08,3701.327880859375,3736.596765041914,3687.285319349085,3728.0228685887946,1758882
2024-07-09,3694.19091796875,3714.0730443794923,3684.551167677433,3693.7274640836704,1305801
2024-07-10,3623.42138671875,3710.68988827446,3616.7940867398565,3692.522405623858,2669716
2024-07-11,3636.908203125,3689.0931591530957,3610.8622289094983,3643.674675535382,4872189
2024-07-12,3878.1357421875,3892.966265730662,3681.028679444162,3689.0927313615903,13509164
2024-07-15,3864.46435546875,3930.089249638286,3853.20206311634,3926.103726954822,4848030
2024-07-16,3873.0380859375,3887.960939474929,3841.940057628319,3867.059349578485,2029521
2024-07-18,4000.11669921875,4008.876158798929,3855.936374706022,3855.936374706022,5613364
2024-07-19,3997.1904296875,4049.543087779747,3981.2571303488753,4011.12633936727,3903354
2024-07-22,3983.207763671875,4013.4952277518023,3962.4431700475134,3994.914017106796,1896386
2024-07-23,3997.144287109375,4052.2841289170647,3963.651377579033,3979.1668723137213,2365208
2024-07-24,4000.766845703125,4031.2865743722073,3965.323277758002,3983.3469610338807,1809793
2024-07-25,4015.864013671875,4034.909753933361,3970.990572951942,3990.314849906467,2810342
2024-07-26,4076.578857421875,4108.724446589915,4029.3823042903405,4041.4138211460827,3552210
2024-07-29,4070.3076171875,4116.66765190009,4060.924014095079,4101.8026818187545,1746803
2024-07-30,4055.675048828125,4086.008788693186,4020.3240184773604,4079.598360858332,1797906
2024-07-31,4074.25634765625,4100.87384543508,4036.7686584538783,4041.4139618583135,2330091
2024-08-01,4085.172607421875,4105.797481325745,4055.395941895072,4087.3092654244533,2202244
2024-08-02,3979.212646484375,4086.0083392177967,3967.088587644382,4055.349340765276,2811282
2024-08-05,3860.293212890625,3938.2880347144414,3818.903743027533,3938.2880347144414,2787771
2024-08-06,3875.297607421875,3956.172148090316,3865.6350146384816,3875.0653422807904,2203067
2024-08-07,3902.47265625,3943.8158516524645,3883.7517228332504,3928.0680935195514,1237666
2024-08-08,3876.5517578125,3931.7845938309133,3864.8922283404063,3884.402501608471,2441283
2024-08-09,3928.76513671875,3951.898655663078,3907.210748658729,3917.8486743229014,1302536
2024-08-12,3898.01318359375,3938.288053067427,3889.3731010986708,3929.926507307199,936912
2024-08-13,3899.220947265625,3933.642459984778,3886.260370835221,3914.132187982019,1495593
2024-08-14,3990.5478515625,4000.7212473784566,3891.0453628588666,3910.4163685993976,3226545
2024-08-16,4102.7783203125,4112.951716428554,4018.2805218840263,4041.4140425715414,3457058
2024-08-19,4171.48193359375,4175.430440991918,4078.901139092339,4107.376754658791,2055210
2024-08-20,4202.41943359375,4241.161440255413,4180.772504085293,4185.417806867609,2212298
2024-08-21,4228.619140625,4236.516155388334,4173.8508391327405,4197.495611851862,1896990
2024-08-22,4182.63134765625,4237.399658376934,4178.172037672117,4236.5168692386715,1829872
2024-08-23,4147.2333984375,4186.346939264392,4138.964850071652,4180.772575829952,1809253
2024-08-26,4183.04833984375,4229.222371308714,4166.836053784951,4170.552295527457,1844164
2024-08-27,4178.1259765625,4190.064499401367,4168.510105885162,4185.419195078306,930697
2024-08-28,4186.39306640625,4238.838715366386,4141.101365063979,4179.611105918801,1848058
2024-08-29,4191.7353515625,4232.8000107357375,4143.61019488178,4143.61019488178,2133641
2024-08-30,4230.70947265625,4266.47830377286,4169.437748026632,4180.772468175268,3637222
2024-09-02,4200.3291015625,4262.5298880777955,4191.921284875112,4251.3811612563195,1216500
2024-09-03,4192.24609375,4232.706495676609,4176.962867593396,4200.328647636382,1717263
2024-09-04,4161.49462890625,4168.694848446134,4121.9632824379705,4159.357971016076,1265505
2024-09-05,4158.42919921875,4179.843865751271,4138.1754048562225,4163.120774045665,1688793
2024-09-06,4140.5908203125,4198.378570967705,4125.029055295338,4156.570844055927,1649179
2024-09-09,4133.90185546875,4171.714807408975,4116.203430594168,4138.965417739988,1184938
2024-09-10,4188.06591796875,4217.88885396822,4125.447324234446,4127.305445435125,1385591
2024-09-11,4161.5869140625,4226.6211439470535,4154.061433875873,4200.700448764482,1325919
2024-09-12,4197.21630859375,4211.059217686861,4116.945127921692,4190.29462722581,2742216
2024-09-13,4201.76953125,4224.43851900476,4185.417974074432,4208.644488913913,1458786
2024-09-16,4193.0830078125,4223.556015887551,4175.616848928026,4205.857591838961,1155120
2024-09-17,4186.02197265625,4214.033060161901,4149.184809090063,4193.0829242332575,1699364
2024-09-18,4037.836181640625,4178.031319677868,4014.4704009082216,4178.031319677868,2961779
2024-09-19,3991.383056640625,4108.491401339115,3978.0509481369045,4078.62174424568,2927551
2024-09-20,3980.93212890625,4023.4833814320996,3927.604135103798,4010.6620715019503,5447908
2024-09-23,3965.695068359375,4003.693555186361,3951.294629432452,3994.960476501186,1702319
2024-09-24,3968.296142578125,3986.598816855598,3939.216728843565,3950.0401935138225,3012026
2024-09-25,3971.501953125,3985.298594296038,3939.2170960290077,3950.691085610406,2713073
2024-09-26,3987.992431640625,4010.5684216660406,3957.7979636084015,3957.7979636084015,3964251
2024-09-27,4003.04443359375,4067.4281653059797,3995.007694793151,4027.4785510738743,3012477
2024-09-30,3965.695068359375,3993.799150781273,3957.8443250356186,3982.7896922279247,2503416
2024-10-01,3983.718505859375,3991.011721656906,3941.957507745713,3953.6633073625258,1823365
2024-10-03,3932.481201171875,3975.4502533375357,3911.345072809307,3960.2137504333123,3350119
2024-10-04,3950.597900390625,3993.1024224537377,3924.398210251953,3925.280999271066,2965463
2024-10-07,3969.73681640625,3992.405805122665,3929.3689504456147,3970.712148613736,1472619
2024-10-08,3951.52734375,3975.8221898436273,3905.724833607358,3969.5047586663354,1541867
2024-10-09,3951.24853515625,3990.315352669941,3945.4419062961365,3957.798231053306,1082504
2024-10-10,3927.510498046875,3989.246753361262,3900.7537355297673,3951.526804113441,2378875
2024-10-11,3854.858642578125,3941.0290181370206,3820.7156635830906,3849.098285072824,5759183
2024-10-14,3843.1982421875,3869.9087330608727,3829.7735893951135,3846.3106857656626,2137590
2024-10-15,3824.75634765625,3874.1362795372975,3804.5030088222256,3837.995460690613,2759474
2024-10-16,3804.456787109375,3823.0844981328532,3778.675354588552,3795.212679191423,2359151
2024-10-17,3817.510009765625,3836.974010815032,3802.5985417542856,3821.0402585925135,2522659
2024-10-18,3839.907958984375,3861.4217056150137,3799.81450984284,3809.127780700298,2361000
2024-10-21,3799.675048828125,3855.647899798256,3790.501385728475,3848.8025545031073,1595450
2024-10-22,3739.744140625,3808.941792786158,3731.222588221232,3786.7761613201965,1928049
2024-10-23,3787.0087890625,3831.0603786284396,3720.7913418501003,3724.9359293106554,1966476
2024-10-24,3769.9189453125,3798.8833095961822,3729.033775833075,3729.033775833075,2676744
2024-10-25,3778.90673828125,3810.990914951962,3755.763166335102,3778.441074679716,1759676
2024-10-28,3809.91943359375,3850.1061056967715,3772.8059589205664,3789.5232343448033,1532534
2024-10-29,3795.39111328125,3821.701106275593,3781.2815973687175,3814.576544255364,1445885
2024-10-30,3804.145263671875,3824.960515939356,3781.2347527404995,3795.158047833668,1935002
2024-10-31,3695.92529296875,3798.231674391787,3688.0556237919313,3790.5016133417075,3740372
2024-11-01,3710.593505859375,3724.3305810268316,3703.003280699814,3715.855640568731,154895
2024-11-04,3691.920654296875,3717.7649842744486,3644.5161904410857,3693.923144215517,2269192
2024-11-05,3698.6259765625,3712.2698276535116,3670.45333173397,3670.45333173397,967590
2024-11-06,3855.3681640625,3864.8210432401042,3702.258078759821,3728.6612931693503,3792017
2024-11-07,3865.845947265625,3916.975719116069,3804.518188145807,3883.3551713111415,3724349
2024-11-08,3862.21337890625,3883.401069856363,3834.878838313008,3869.663995504092,1648039
2024-11-11,3910.36279296875,3943.517669827935,3834.8784680012163,3844.704240540532,1406487
2024-11-12,3909.15234375,3928.3377732797053,3878.3721644817633,3926.4751190486577,1587640
2024-11-13,3865.333740234375,3908.5472291817673,3847.358853332509,3891.1780687289943,1098813
2024-11-14,3861.189208984375,3874.3210129831064,3833.761896778277,3851.0378338185446,1825432
2024-11-18,3743.46923828125,3923.681030197514,3716.181309069103,3923.681030197514,3313944
2024-11-19,3762.142578125,3848.383334503383,3738.440347986104,3743.8418634756777,1776233
2024-11-21,3793.156005859375,3811.4098822098795,3747.660582048356,3767.1252292109634,2384347
2024-11-22,3953.111328125,3962.750655117127,3775.6002816538157,3791.4328432690386,3096553
2024-11-25,4018.769775390625,4030.8770280377776,3960.1893900708537,3986.0801022933974,4052167
2024-11-26,4053.7880859375,4066.7334430694864,4014.020232591793,4024.3112162534667,2060669
2024-11-27,4035.021240234375,4076.7913536382084,4027.1049595017485,4059.6086406624336,1558993
2024-11-28,3953.390625,4041.913545627335,3942.3079225932315,4022.4020594566896,2558544
2024-11-29,3977.55908203125,4003.4966369290128,3907.523090835983,3930.201000354305,2017425
2024-12-02,3982.960205078125,3993.7173066183545,3939.560268502564,3976.766970418375,1670944
2024-12-03,4007.26806640625,4027.9900963818563,3972.529744122267,4018.0715527591838,2010905
2024-12-04,4055.3701171875,4085.685083284233,3994.507807998168,4017.3253190443206,3302642
2024-12-05,4157.490234375,4180.727025606259,4060.585839082934,4098.583799897478,3746747
2024-12-06,4140.21533203125,4158.376213591167,4109.714364283185,4147.200286477372,1842087
2024-12-09,4146.408203125,4162.473596939852,4112.321537472264,4126.198676219265,2066639
2024-12-10,4128.15380859375,4185.1975942064855,4109.108442002176,4122.193406026578,2087828
2024-12-11,4123.40380859375,4143.147667667823,4104.357990003328,4127.501556345011,1635256
2024-12-12,4149.015625,4177.00182096417,4122.05352499162,4125.825217645854,1914642
2024-12-13,4166.66455078125,4186.222421425734,4092.624040484277,4130.389630221359,1967048
2024-12-16,4111.99560546875,4167.6887843067,4095.045270300907,4152.787550664486,1646224
2024-12-17,4031.24951171875,4128.52681305927,4021.470576782156,4107.152673369455,3225027
2024-12-18,4049.2705078125,4062.44869495374,3995.0207057764947,4015.6031250525107,1575404
2024-12-19,3978.536376953125,4064.311698759071,3969.3163290813845,3987.942872155441,3015763
2024-12-20,3883.913330078125,4081.0754644719555,3867.3358891418975,4031.7151268140337,4116989
2024-12-23,3872.737548828125,3927.406635038312,3832.3180410204754,3911.620457771177,2195338
2024-12-24,3892.481689453125,3928.337783494026,3872.737372652853,3872.737372652853,1181886
2024-12-26,3882.7958984375,3911.527430384508,3858.62777832456,3892.48160931481,1208464
2024-12-27,3878.838134765625,3893.832593461187,3862.446685286308,3877.1150885157394,858100
2024-12-30,3873.202880859375,3910.9216276232846,3829.6169553875666,3865.938711530591,1527169
2024-12-31,3813.5986328125,3855.6481919731173,3755.157851490963,3851.0379404710184,1555429
2025-01-01,3830.036376953125,3850.1062943866386,3804.890317466962,3813.22564967337,763161
2025-01-02,3888.9892578125,3895.741379495824,3815.6008619680624,3837.0677703855595,1720835
2025-01-03,3818.347900390625,3892.900907869697,3811.269950829448,3892.900907869697,1791953
2025-01-06,3813.78466796875,3864.681605615779,3787.148620607623,3823.563603014824,2085593
2025-01-07,3751.665283203125,3856.0205380436832,3736.0655531105435,3832.3649188830605,2669054
2025-01-08,3826.264404296875,3842.655853224678,3741.839688389106,3757.8118581960475,2181277
2025-01-09,3761.490478515625,3853.5986360350184,3748.870951071417,3819.3723657494074,2392472
2025-01-10,3972.715087890625,4001.9122814759207,3883.633747673863,3911.5735588082075,7894300
2025-01-13,3996.418212890625,4026.0810749677194,3937.0924887364367,3953.4839382998034,4003771
2025-01-14,3942.354248046875,4017.6521397931906,3929.3156678223904,4006.5694375522967,3441709
2025-01-15,3957.767822265625,3964.1475039910265,3918.512475086078,3928.3377943076216,1653474
2025-01-16,3917.44091796875,3999.1184848526354,3903.9835145012657,3967.4533641062476,2637705
2025-01-17,3911.750244140625,3946.179768328342,3888.7499900580783,3945.5156582213353,1761466
2025-01-20,3867.64697265625,3932.142300220547,3858.446917151911,3932.142300220547,1287799
2025-01-21,3827.85888671875,3899.135870393051,3822.3102791739225,3884.245030505511,1971591
2025-01-22,3942.385986328125,3948.598240960883,3835.7784821299006,3841.2796202434547,2409223
2025-01-23,3931.810791015625,3975.3452017162494,3926.6887142484056,3953.1984717808796,1822998
2025-01-24,3938.35498046875,3962.682991900412,3892.4966488174464,3892.4966488174464,1910099
2025-01-27,3855.64892578125,3942.149041037749,3832.7910788257336,3890.5999221421316,1551782
2025-01-28,3832.079345703125,3890.5995312485556,3820.6977771085412,3861.007499214359,2468272
2025-01-29,3888.512939453125,3896.148353343233,3845.0734688360117,3845.0734688360117,1217089
2025-01-30,3888.750244140625,3917.0619915773636,3849.3417440444105,3888.6080671418995,1531251
2025-01-31,3900.46337890625,3915.6865044368305,3874.7126731511203,3898.1871578608666,1492943
2025-02-01,3863.236328125,3922.752448425496,3846.9702619730892,3901.032713879516,437172
2025-02-03,3858.968505859375,3866.8882740010763,3792.6234860032378,3823.1639848038094,1265713
2025-02-04,3895.38916015625,3906.5813140143973,3856.5023649775358,3873.2426631324765,2547132
2025-02-05,3880.26171875,3936.126163727403,3865.939817675396,3936.126163727403,1693912
2025-02-06,3872.341796875,3926.1671344471406,3842.749763323274,3893.8244160755,2284536
2025-02-07,3821.7412109375,3879.218228908592,3801.444171507491,3879.218228908592,1548940
2025-02-10,3828.90234375,3843.1767756673025,3807.46719267282,3831.7952057492353,1339511
2025-02-11,3759.28515625,3831.795194749814,3751.1757413949294,3811.3082763326493,1810908
2025-02-12,3746.575439453125,3814.4855628593755,3737.090798282343,3766.445947952812,1678002
2025-02-13,3708.63671875,3779.10764599597,3701.143945163747,3763.5054582381317,2277310
2025-02-14,3732.064208984375,3744.536419785488,3699.010141125482,3722.721744594235,1681975
2025-02-17,3703.278076171875,3731.257767104663,3657.467213858333,3657.7517993998813,1799806
2025-02-18,3673.591064453125,3722.1523795147264,3665.33947318774,3697.492313192335,2149879
2025-02-19,3589.083251953125,3675.251080308744,3573.955063643061,3672.6428039185434,4366672
2025-02-20,3584.625244140625,3592.782128290818,3557.9735409942346,3567.6478288188787,2888572
2025-02-21,3590.885009765625,3620.2873962692524,3580.451904877241,3581.495307989525,1833931
2025-02-24,3486.1748046875,3569.260122487774,3480.8633130033377,3550.2433706104594,2508516
2025-02-25,3442.498046875,3469.4818051991183,3434.625748244206,3438.1824887498096,4101954
2025-02-27,3426.374267578125,3450.512634279707,3415.134874592875,3425.567980413952,3823856
2025-02-28,3303.737548828125,3414.470731581497,3278.8403664103434,3400.1963006835795,7085018
2025-03-03,3313.03271484375,3341.6762855972443,3297.0035319217445,3305.397532195103,4990439
2025-03-04,3350.02294921875,3367.9962990962294,3285.764501101665,3294.964557324782,2797737
2025-03-05,3364.24951171875,3414.8026927498004,3339.3997995005207,3339.3997995005207,2501894
2025-03-06,3415.988525390625,3423.4338299242468,3353.8641244726305,3373.6869322947687,2786513
2025-03-07,3425.09375,3438.1826018027277,3390.190222378938,3414.470997652364,2051315
2025-03-10,3404.65380859375,3435.4316515773176,3397.9673224371286,3420.6355201035744,1004626
2025-03-11,3391.043701171875,3403.8004968476407,3355.3338893126197,3374.6352261327497,1995450
2025-03-12,3325.5048828125,3385.305592458114,3307.15224085139,3381.2746199098347,3174167
2025-03-13,3330.104736328125,3342.6718849425615,3304.5436765901054,3321.805675922365,1693004
2025-03-17,3317.443115234375,3348.505317121511,3298.1420081114443,3309.1915231821918,2690906
2025-03-18,3317.443115234375,3317.443115234375,3317.443115234375,3317.443115234375,0
2025-03-19,3316.8740234375,3364.2022912119846,3284.294187734508,3364.2022912119846,3051244
2025-03-20,3379.519287109375,3394.505064080699,3331.0054478822462,3331.0054478822462,2845192
2025-03-21,3393.699462890625,3429.883275405574,3286.428081377204,3295.9127223046994,4161925
2025-03-24,3441.9287109375,3461.6568103088644,3382.792113898217,3414.470721860925,1834751
2025-03-25,3469.244873046875,3518.802126718312,3450.512705391164,3457.1519546868594,3135390
2025-03-26,3448.426025390625,3490.822326860632,3438.9888533482517,3459.7601257453803,1734499
2025-03-27,3463.031982421875,3474.2239048124366,3424.4295409023484,3428.555452249772,2528474
2025-03-28,3420.3037109375,3472.279589767322,3406.7880975546004,3462.8424183134416,2051919
2025-04-01,3367.806396484375,3399.2953585160476,3343.3359762190476,3388.577667798288,2618493
2025-04-02,3361.309326171875,3380.4210168658315,3348.1257677061367,3361.3567956889556,1764313
2025-04-03,3227.765625,3321.52139726939,3221.1263760619972,3311.0882917953854,4537821
2025-04-04,3129.362060546875,3224.4455775061174,3125.6631435329964,3189.3051711984813,5317367
2025-04-07,3105.31884765625,3121.7745604042666,2898.5536795332505,2940.2386292720134,6623955
2025-04-08,3123.2451171875,3176.4065815025783,3087.535532954112,3131.8762339649347,5557558
2025-04-09,3079.28369140625,3101.4776590955953,3046.5142098890965,3092.5147195117684,2990265
2025-04-11,3064.9619140625,3128.9357749466626,3040.7760781322527,3120.0203045213184,7108961
2025-04-15,3080.801025390625,3143.5893021337306,3071.69590901875,3143.5893021337306,3512160
2025-04-16,3105.081787109375,3109.1602290119804,3062.5905495252055,3080.801013758816,2384391
2025-04-17,3128.88818359375,3133.3461501914685,3052.1575291360596,3078.240292358944,2932346
2025-04-21,3150.418212890625,3181.148354821814,3114.85081178573,3120.5415959625134,2432946
2025-04-22,3143.58935546875,3162.0844056249766,3125.189244347029,3151.3669464223676,2710498
2025-04-23,3237.108154296875,3244.6009284823726,3165.3094642241085,3191.581874951358,3543923
2025-04-24,3226.295654296875,3236.633820616935,3213.1118640484187,3225.8214222352462,2252175
2025-04-25,3270.304443359375,3298.568721809185,3229.5204842339535,3243.7474467195657,2742991
2025-04-28,3266.036376953125,3279.5994609272393,3229.5205063236217,3257.9744314894683,1593296
2025-04-29,3293.541748046875,3314.8821913387555,3253.6113148639492,3276.9436254865236,1578332
2025-04-30,3275.71044921875,3329.014085869881,3192.53019311335,3293.06738873724,2809332
2025-05-02,3254.180419921875,3311.562499608635,3243.7473145242825,3293.0674491310842,1721761
2025-05-05,3276.27978515625,3323.892639545098,3268.786779377753,3272.2013429677813,1284443
2025-05-06,3281.685791015625,3294.01582433447,3259.871116682284,3281.685791015625,1324763
2025-05-07,3267.5537109375,3281.211501134211,3244.3163408615387,3244.3163408615387,1477128
2025-05-08,3271.157958984375,3297.8098945868014,3251.999029204456,3270.3044338611708,2543591
2025-05-09,3263.0009765625,3268.5968219353003,3222.975839240067,3223.8293642770673,2531757
2025-05-12,3433.8193359375,3443.3989159735165,3321.7109255991563,3324.3666713915923,2228678
2025-05-13,3333.851318359375,3436.2854413701325,3329.5832299005933,3433.819342081611,3062887
2025-05-14,3365.814697265625,3377.4808526725133,3327.7814236222675,3339.5422865093847,2119499
2025-05-15,3395.406494140625,3414.4707149223877,3332.9977424314357,3380.326007773164,3548330
2025-05-16,3377.765380859375,3408.6851728219754,3363.3487722739774,3408.6851728219754,1666727
2025-05-19,3337.455810546875,3367.0478467189873,3323.133908772587,3367.0478467189873,2537377
2025-05-20,3318.011962890625,3374.635222590325,3313.93352100354,3349.785509814958,2038374
2025-05-21,3344.0947265625,3354.7174780325026,3318.0119641520128,3327.212019490534,1440153
2025-05-22,3297.8095703125,3317.5376692737764,3273.4340900331863,3314.881923566922,2034383
2025-05-23,3333.47216796875,3352.820743852965,3286.9974249846496,3297.8098235860703,1274331
2025-05-26,3355.00244140625,3362.3055693919314,3329.2042616284266,3339.54242872468,967470
2025-05-27,3318.391357421875,3357.5629717372003,3303.5954561426133,3349.9752588067204,2467680
2025-05-28,3317.443115234375,3347.1300903725864,3312.985379901231,3338.5939127547476,1222933
2025-05-29,3317.822509765625,3350.4495836467595,3306.820233088302,3324.0822341714443,3188072
2025-05-30,3284.910400390625,3325.97894134562,3275.1414056184462,3310.139637529337,3404365
2025-06-02,3272.011474609375,3281.6857620470387,3242.41944121709,3272.201121116267,1877585
2025-06-03,3229.7099609375,3294.490106360913,3225.252225904789,3268.407343175387,2848125
2025-06-04,3235.1640625,3248.465034332547,3224.7340073768614,3242.9150002967904,2544807
2025-06-05,3225.78662109375,3262.0528233362247,3218.7054627680072,3262.0528233362247,3584683
2025-06-06,3238.322021484375,3244.7331673196672,3213.9212139850256,3225.7868448606714,2070390
2025-06-09,3274.39697265625,3285.975488762853,3244.7332451805223,3253.4410779830223,1718678
2025-06-10,3313.629638671875,3335.5426613582063,3275.6409764041855,3291.7168496023487,2419874
2025-06-11,3322.241455078125,3338.604442179547,3300.424450431947,3320.423449229873,2847013
2025-06-12,3286.16650390625,3324.920724772973,3275.6406661399797,3322.241373890929,4060134
2025-06-13,3297.170654296875,3301.7637936762635,3246.9337033715005,3246.9337033715005,2178493
2025-06-16,3345.590087890625,3357.7426005937496,3278.5116939874692,3291.716884024651,1934088
2025-06-17,3363.770751953125,3368.268108670322,3337.743272382211,3358.6991651797816,2111940
2025-06-18,3302.625244140625,3385.4923927635227,3294.683207501011,3367.4071820205213,2696327
2025-06-19,3276.40625,3302.242397415304,3265.8804121641356,3301.2855030665887,2672768
2025-06-20,3287.60205078125,3297.7452248908758,3263.871022884297,3277.3633274014865,2351248
2025-06-23,3247.317138671875,3277.3635313225304,3224.73433592903,3267.7945867055305,3123421
2025-06-24,3244.25439453125,3293.726017546798,3236.2165757260095,3286.549310178985,3403048
2025-06-25,3296.309814453125,3301.2856185170967,3253.440899408153,3260.4262751214173,1757699
2025-06-26,3293.43896484375,3302.625010278294,3268.0812649976842,3296.3096478451916,2879106
2025-06-27,3292.76953125,3316.978773543857,3283.1048040170426,3306.0702704397795,1778433
2025-06-30,3312.7685546875,3315.5434551196317,3282.1479325760038,3291.6210940950255,1468351
2025-07-01,3281.860595703125,3334.776901436363,3266.35895353028,3306.0700701470973,2375183
2025-07-02,3275.73681640625,3339.4658465866687,3272.5790179988544,3336.882278295821,3090585
2025-07-03,3254.20654296875,3287.2193999790024,3251.144527592608,3282.147812903343,2531870
2025-07-04,3272.38720703125,3279.276799337726,3243.967492756551,3261.095807453449,1109320
2025-07-07,3264.63671875,3278.416138875185,3261.4789203702617,3270.952315509477,1639174
2025-07-08,3259.37353515625,3277.363195918518,3247.125240576613,3258.2253086430815,2325242
2025-07-09,3237.939453125,3266.837618492581,3221.863579808002,3263.010040732191,2034938
2025-07-10,3236.216796875,3252.484001353674,3211.33754296644,3234.303008112803,3035012
2025-07-11,3125.21728515625,3191.2430024482833,3120.528595780786,3157.655913683438,7635550
2025-07-14,3083.783447265625,3130.9583865491522,3062.0619917351123,3125.217020314649,3924009
2025-07-15,3112.107421875,3118.901231329378,3067.8031684457687,3067.8031684457687,2590889
2025-07-16,3104.234619140625,3115.5641051149655,3092.23284636304,3098.377660261314,2540733
2025-07-17,3081.286865234375,3112.7795615982277,3076.3902829424,3095.593117992358,2947640
2025-07-18,3062.756591796875,3100.106252825218,3059.9722740155044,3096.4576666771263,3432645
2025-07-21,3032.31982421875,3070.1495522628406,3026.3669918654064,3062.8523807267275,3844346
2025-07-22,3033.6640625,3053.3469689942053,3028.8633535989743,3033.6640625,3198036
2025-07-23,3052.386962890625,3055.1712804131353,3031.7439136986445,3033.6641973444102,1922875
2025-07-24,3022.5263671875,3047.2019644087272,3014.8452328363246,3038.944885626984,2934778
2025-07-25,3010.8125,3031.0713499661365,3001.0191011832776,3014.8450484057557,2568917
2025-07-28,2956.564697265625,2993.72213811463,2947.539223682625,2986.041003699968,3374473
2025-07-29,2934.193359375,2951.4759118844077,2919.9832137631183,2938.0339265993125,4785312
2025-07-30,2931.888916015625,2946.6750050729374,2925.7438682234083,2938.0337293982366,2880121
2025-07-31,2915.758544921875,2937.841805411508,2894.827407662822,2920.4631457840833,2968371
2025-08-01,2883.305908203125,2915.7587488570334,2880.4254827204045,2909.133629601001,2053847
2025-08-04,2951.859619140625,2956.660327755159,2872.360072011628,2889.1625521624956,2519252
2025-08-05,2941.7783203125,2954.836342347973,2920.751308991888,2951.859809051624,1927996
2025-08-06,2911.43798828125,2944.562879940478,2905.3890481398157,2940.9142942671037,1487081
2025-08-07,2925.55224609375,2929.9689924116014,2890.8910311996096,2895.7878484472435,2543076
2025-08-08,2915.37451171875,2937.841970823321,2904.4289887975438,2926.6083584758467,2762140
2025-08-11,2919.59912109375,2928.3362704951187,2900.8763567070323,2915.3743566889298,1884215
2025-08-12,2914.4140625,2972.982707005533,2906.2528579377536,2919.7909498577897,3358232
2025-08-13,2915.1826171875,2923.055733419127,2907.8856798255947,2915.086743648966,2148166
2025-08-14,2901.836669921875,2934.0972944331475,2898.764262979319,2913.0702823357074,3342174
2025-08-18,2891.17919921875,2927.472609378642,2883.6900456286708,2925.072254664491,2945609
2025-08-19,2895.979736328125,2904.429031301108,2891.083153648401,2891.1790271854784,2650784
2025-08-20,2975.09521484375,2979.7037075526887,2890.8905988262018,2890.8905988262018,4952358
2025-08-21,2978.935791015625,3005.2435803513467,2960.213027495864,3005.2435803513467,3230726
2025-08-22,2932.27294921875,2972.3108139224278,2928.4323821601793,2962.997485687316,1593791
2025-08-25,3015.42138671875,3026.366909314735,2954.4523833109183,2964.245782645686,3448370
2025-08-26,3031.359619140625,3035.968346624635,2995.6423913563763,3004.283667485289,5522097
2025-08-28,2970.390380859375,3021.0859103623443,2963.477407383879,3019.6456977878825,3116051
2025-08-29,2961.74951171875,2990.8418565958136,2954.548447858567,2969.7187359392783,2271789
2025-09-01,2988.537353515625,3006.2999761800884,2966.8380558481663,2966.8380558481663,1246862
2025-09-02,2987.481201171875,3029.247369338668,2979.416103841445,2996.698656186325,2185229
2025-09-03,2974.039306640625,3016.669509959856,2964.9179592917676,3005.1478080455095,1799774
2025-09-04,2972.310546875,2993.7217531847627,2967.60594641478,2991.8014698280053,1481391
2025-09-05,2926.80029296875,2979.703965451406,2907.885546409113,2973.655259644998,2802055
2025-09-08,2898.668212890625,2942.7386295513115,2895.7877873726816,2928.432609909376,2626187
2025-09-09,2927.856201171875,2938.0337976334035,2909.997705008497,2911.2459361835313,2489301
2025-09-10,2986.041015625,2998.2347696750494,2931.696895660388,2934.5773210773896,2079428
2025-09-11,2999.675048828125,3013.885194748687,2986.137189714118,3013.885194748687,2263446
2025-09-12,3008.50830078125,3023.198517586115,2996.6026359147436,3018.685897890405,1447167
2025-09-15,2987.864990234375,3009.0842164755977,2972.598830315396,3009.0842164755977,1732539
2025-09-16,3020.318359375,3024.4470164698882,2985.1773061151375,3003.3238944500986,2573429
2025-09-17,3046.337890625,3055.5551110798156,3017.1494398273812,3026.366894691811,2418271
2025-09-18,3050.082275390625,3075.334050504916,3035.392059613066,3058.0514988629902,2633138
2025-09-19,3042.881591796875,3053.731241896356,3018.6860633617807,3043.64975218093,4901694
2025-09-22,2951.28369140625,2983.0642419680353,2942.8343973150727,2971.6386491648127,3634901
2025-09-23,2940.338134765625,2957.9087764692863,2930.352753876681,2947.6353061603577,3177741
2025-09-24,2914.4140625,2935.1532172690772,2912.1098161521463,2928.4322252766387,1625714
2025-09-25,2839.5234375,2908.8458671854296,2833.378623371756,2901.5486952997107,4974361
2025-09-26,2783.547119140625,2837.0269692313786,2776.057966398974,2823.7769658283983,3934636
2025-09-29,2780.66650390625,2812.5431618400235,2778.6501125486475,2799.7732301976002,3110035
2025-09-30,2773.2734375,2799.101392157332,2770.105157137798,2794.9727356006983,2253458
2025-10-01,2798.045166015625,2808.222762784315,2752.342557318892,2775.7699233020426,1952902
2025-10-03,2786.235595703125,2807.4548247704774,2775.866251046319,2807.4548247704774,2899519
2025-10-06,2869.287841796875,2874.28076699856,2780.1868646812827,2786.3316788238635,2112774
2025-10-07,2855.173583984375,2884.745997894136,2837.699050349848,2875.624650921264,3062943
2025-10-08,2906.541259765625,2921.711547346886,2849.7009111158586,2856.4219038307547,4121889
2025-10-09,2939.666015625,2943.794672125363,2899.628150625765,2913.070135429991,3211304
2025-10-10,2907.59765625,2947.635525132908,2887.0504796961263,2928.432687835625,8817365
2025-10-13,2887.33837890625,2914.5104387736105,2878.6971026918,2906.349233459963,2866865
2025-10-14,2842.307861328125,2906.5412549765147,2837.699133735008,2900.5884226064827,3611416
2025-10-15,2862.06396484375,2871.6047262713414,2843.9459294866183,2863.220385125294,4282226
2025-10-16,2862.931396484375,2867.0754517571395,2836.332787245134,2862.160371154854,3251495
2025-10-17,2854.739501953125,2880.3746213869317,2848.1861401528254,2862.256586509825,4374683
2025-10-20,2905.81689453125,2913.333979311689,2870.4483153754104,2877.1943748710046,3133039
2025-10-21,2897.62548828125,2921.815026282457,2887.3137006926995,2921.1404673344027,310644
2025-10-23,2961.712890625,2985.613263353556,2925.958915568601,2944.1731825516827,5564758
2025-10-24,2952.07568359375,2977.9035021252716,2947.3535359078196,2968.2662739630537,2684318
2025-10-27,2972.98828125,2981.9509500743798,2949.184375870237,2955.2558763824863,1946312
2025-10-28,2946.9677734375,2978.0960660621163,2929.9099274122086,2964.4112497423184,3470737
2025-10-29,2946.678955078125,2964.4113606511696,2935.596142774,2946.96788369373,2895420
2025-10-30,2925.187744140625,2952.653842834952,2922.778437237614,2938.487165302022,2241536
2025-10-31,2947.064208984375,2956.1231088421955,2915.357824198127,2924.898585437403,1868085
2025-11-03,2907.359130859375,2947.06446508497,2900.80576844531,2936.367047373489,2194877
2025-11-04,2881.723876953125,2919.4055326440953,2868.039060214524,2910.0574685167057,2670720
2025-11-06,2901.6728515625,2914.2977142131544,2881.531139384038,2881.627605776501,2542721
2025-11-07,2883.26611328125,2895.0234851722394,2853.101540563387,2892.1323165785257,1830520
2025-11-10,2915.4541015625,2937.3305615709287,2883.4585523829414,2884.422275161144,1556656
2025-11-11,2936.463623046875,2944.8479650680415,2908.5156594537148,2934.5361772818296,2806868
2025-11-12,3018.18701171875,3022.619995280987,2946.1969680097523,2948.991669923252,4460315
2025-11-13,2993.03369140625,3018.2831803470704,2989.4679642954256,3018.186949242595,1740435
2025-11-14,2993.322998046875,3000.1655239975616,2965.6642009169345,2977.9034333434784,2210794
2025-11-17,2989.66064453125,3010.187986001932,2974.6267109195564,2993.322838009285,2232853
2025-11-18,2975.10888671875,2992.3594315179676,2966.338914722159,2989.4682629851,2548350
2025-11-19,3033.510009765625,3040.545232796858,2971.639057156612,2984.6493140956795,3151053
2025-11-20,3030.715576171875,3049.7008686990343,3024.2586803244717,3033.79944214396,2700767
2025-11-21,3036.30517578125,3055.0013041600305,3021.463703354114,3030.715536432949,4177037
2025-11-24,3027.24609375,3063.578397230728,3017.4161679823073,3043.4366842823783,6703764
2025-11-25,3006.04443359375,3035.534448554938,3001.9968444557608,3031.197695489111,2737920
2025-11-26,3048.158935546875,3062.711244826224,3003.9241504478728,3005.658898650244,2508527
2025-11-27,3022.81298828125,3064.6384631299097,3011.6337098367826,3064.6384631299097,2836233
2025-11-28,3023.68017578125,3033.12470593688,3011.6336412163846,3026.089482694223,1616690
2025-12-01,3019.729248046875,3039.5820339484353,3008.9355985975626,3024.0660011073596,1747647
2025-12-02,3021.94580078125,3029.9447477765,3007.2007935969305,3017.416350282513,2512003
2025-12-03,3064.638671875,3095.3813367654693,3025.126034910574,3026.089757763365,3952112
2025-12-04,3112.053466796875,3132.0989471151875,3071.769808666434,3078.13047294951,5025905
2025-12-05,3120.72705078125,3152.915532717371,3105.5001838412545,3112.824571063191,5244013
2025-12-08,3119.0888671875,3141.6398867746047,3092.2010949656524,3125.353065437683,2544725
2025-12-09,3091.911865234375,3116.390329915732,3065.794883587669,3112.824602659864,2734893
2025-12-10,3073.504638671875,3108.005961204973,3062.8074569989867,3108.005961204973,1386849
2025-12-11,3076.106689453125,3092.0081155406747,3038.7144333046613,3088.7315521574005,1914362
2025-12-12,3103.669189453125,3106.078496384854,3070.131589906683,3081.696263178982,1146554
2025-12-15,3113.01708984375,3120.7268716204835,3081.310706400481,3094.6101270221197,1562190
2025-12-16,3088.828125,3103.187500999765,3075.3360054304358,3103.187500999765,1734623
2025-12-17,3101.0673828125,3119.4743477745933,3084.3949307247763,3084.3949307247763,1376350
2025-12-18,3161.78173828125,3168.5277977297296,3104.1510690788923,3110.897128527372,2307422
2025-12-19,3162.938232421875,3197.5357868591873,3159.854366515901,3179.3215200364916,3902511
2025-12-22,3204.281982421875,3207.8479451634685,3171.6118722000997,3189.9226061933546,2632816
2025-12-23,3189.922607421875,3199.463369445318,3174.0211805268714,3199.463369445318,2365420
2025-12-24,3198.59619140625,3206.4024407323423,3176.5270318942603,3184.2368148202168,1367708
2025-12-26,3161.010986328125,3199.559900795541,3153.108505919085,3192.9103071634727,1176664
2025-12-29,3133.544677734375,3168.7205598617948,3125.2565675579217,3161.010777477703,2079473
2025-12-30,3129.015380859375,3148.9643966982817,3121.9801570326194,3132.0992469072426,2807593
2025-12-31,3089.887939453125,3128.2441532690227,3082.4673210816295,3122.461816571668,3362634
2026-01-01,3110.31884765625,3116.775978595714,3082.1781891606697,3098.368779137981,1255735
2026-01-02,3132.773681640625,3136.243177859361,3102.7055771191704,3116.6795578205924,1184324
2026-01-05,3099.428955078125,3129.207895137578,3075.2394189664337,3122.94369701057,2341703
2026-01-06,3137.688720703125,3144.8201752673103,3088.7315556964636,3093.550169667909,2912325
2026-01-07,3176.044921875,3180.8635358265738,3106.271250685878,3125.2565425983025,1989442
2026-01-08,3087.671630859375,3167.6606296336045,3066.566193971062,3167.6606296336045,4159336
2026-01-09,3091.43017578125,3112.5356118812538,3075.239584998998,3075.239584998998,1938673
2026-01-12,3122.076416015625,3134.026484388671,3059.145271347969,3086.804068110982,2228342
2026-01-13,3149.446044921875,3161.0107182814413,3094.0319850739534,3127.2804209827063,5645341
2026-01-14,3076.68505859375,3141.7363480080267,3067.529691935444,3141.7363480080267,3539511
2026-01-15,3076.68505859375,3076.68505859375,3076.68505859375,3076.68505859375,0
2026-01-16,3146.54931640625,3161.464149941515,3111.519017760894,3159.0110444402844,4293470
2026-01-19,3104.258056640625,3159.600023336744,3092.973770842994,3128.2002715520307,3387562
2026-01-20,3044.10791015625,3100.7255406282875,3033.118044759914,3092.4832014713097,4499273
2026-01-21,3064.027099609375,3079.6287553253787,3024.188569033875,3041.8509292683366,2015150
2026-01-22,3091.305419921875,3100.7254411371077,3063.7326570458863,3090.9130188550284,2269827
2026-01-23,3103.178466796875,3134.578217290946,3092.875423666008,3130.457047950816,2068857
2026-01-27,3098.762939453125,3115.4440572399217,3071.2881572160486,3115.4440572399217,4279874
2026-01-28,3140.073486328125,3145.0776781720924,3111.1268393421374,3116.425451779539,2751234
2026-01-29,3085.41796875,3140.07335254898,3066.9708064954257,3140.07335254898,2457641
2026-01-30,3065.302490234375,3082.081828102924,3034.000959087629,3082.081828102924,3022068
2026-02-02,3110.1455078125,3138.0126916764966,3075.2131881532646,3138.0126916764966,2636272
2026-02-03,3164.800537109375,3287.1613923698505,3126.53209104895,3287.1613923698505,4366060
2026-02-04,2942.84375,3061.475843095512,2929.9893806035893,3061.475843095512,10852595
2026-02-05,2935.38623046875,2972.869637012123,2916.5464269268496,2933.9143670738968,3521545
2026-02-06,2886.422119140625,2929.0079343210614,2861.302223276454,2920.765595757455,4687389
2026-02-09,2892.8984375,2921.15826303242,2882.3991930324937,2903.5941220720847,2380318
2026-02-10,2928.61572265625,2955.109263473934,2888.2865702537815,2894.468444356794,3547763
2026-02-11,2855.21875,2941.76426862986,2849.723697569715,2924.1019081110685,3363513
2026-02-12,2698.51416015625,2825.977420921291,2688.603518515395,2815.9687988010764,10612156
2026-02-13,2641.7001953125,2662.110080925881,2536.5110796879476,2536.5110796879476,11168735
2026-02-16,2655.830322265625,2668.7826718221954,2620.898002964758,2649.3540277067937,2918730
2026-02-17,2666.427490234375,2708.228504276998,2644.6439610469733,2665.0538469624375,4209118
2026-02-18,2644.349609375,2678.7913077273606,2607.4550449905755,2678.7913077273606,2950820
2026-02-19,2627.66845703125,2697.140454434555,2616.5806115438327,2657.2039438116426,3238849
2026-02-20,2635.812744140625,2651.905259923164,2597.838718993336,2616.972941852777,2293482
2026-02-23,2626.0986328125,2653.2789947204583,2610.3005370564806,2635.616634548502,4699596
2026-02-24,2525.423095703125,2597.8388206557183,2513.255787797201,2591.460746119642,7798833
2026-02-25,2579.980224609375,2604.4130601353972,2546.3235684513456,2547.3048106742554,3621285
2026-02-26,2598.034912109375,2620.897903167908,2585.5731841435563,2600.2918170703697,3464267
2026-02-27,2587.92822265625,2638.168017666852,2576.8403768444346,2631.299321894741,5083717
2026-03-02,2564.4765625,2574.5834053591284,2531.8993684474203,2543.37985460111,3374385
2026-03-04,2539.2587890625,2585.5733762002424,2531.997452542583,2575.7609535201655,3446434
2026-03-05,2530.427490234375,2560.551578540278,2498.6350985020495,2551.229777430436,2960636
2026-03-06,2509.625244140625,2570.069622274581,2505.7002751879877,2523.7550365456814,3998643
2026-03-09,2479.991455078125,2511.9800468111703,2458.0117254929614,2482.542780637602,3653428
2026-03-10,2465.9599609375,2497.45769299971,2443.39138949283,2493.3365235176843,4323710
2026-03-11,2418.663818359375,2473.711601954393,2413.9540474182472,2461.0536733182116,2720664
2026-03-12,2396.5859375,2426.513825649523,2390.3060830242093,2413.6596961153996,2752075
2026-03-13,2365.284423828125,2400.0203033629555,2352.0376535639975,2391.287343235487,2466488
2026-03-16,2364.0087890625,2379.5124645789865,2321.7173916761253,2364.793830777467,3807907
2026-03-17,2346.8369140625,2374.6061161428333,2315.731584337639,2374.6061161428333,2993367
2026-03-18,2395.01611328125,2436.326267951688,2364.793804301608,2364.793804301608,3082388
2026-03-19,2311.806640625,2378.5311107279285,2306.115387909886,2371.6624152761565,2757060
2026-03-20,2345.7578125,2362.6351312433567,2319.8528734315287,2341.2440023374425,4206320
2026-03-23,2339.085205078125,2361.6537756859007,2303.956686393805,2320.6378037995523,3860515
2026-03-24,2353.803955078125,2389.7172776589064,2334.47353068287,2359.0045869106293,3420182
2026-03-25,2332.80517578125,2376.1762738846405,2325.3478785890734,2355.864368126978,5843778
2026-03-27,2344.97265625,2376.6668272056972,2340.262645780238,2358.8080275261386,4979411
2026-03-30,2314.652099609375,2353.0187649541185,2302.1903717438945,2330.5484146912077,6804756
2026-04-01,2363.027587890625,2425.630892660341,2352.9207445923203,2383.4374750291136,4132661
2026-04-02,2404.730224609375,2423.570027038862,2331.1370592120925,2341.24390183887,5378361
2026-04-06,2427.4951171875,2435.4432752720936,2402.2772391631793,2427.593337237373,2572417
2026-04-07,2492.1591796875,2496.182129281132,2402.0810908677395,2414.837240451596,4516550
2026-04-08,2511.195068359375,2531.899375247164,2492.453485493659,2523.755016821873,4769337
2026-04-09,2540.43603515625,2556.135910228672,2483.6222080623565,2506.092558435327,5628261
2026-04-10,2476.94970703125,2517.671257898199,2454.1849361455575,2517.671257898199,10480239
2026-04-13,2426.2197265625,2457.9136601554055,2423.6684008424363,2443.195026142192,3739587
2026-04-15,2506.9755859375,2510.9987747578325,2446.629190999006,2454.9697496490417,5261384
2026-04-16,2528.56298828125,2545.3423261167095,2510.0176060935014,2523.754997213638,3905403
2026-04-17,2533.076904296875,2540.4362212762385,2507.957006516208,2521.792618261851,2718206
2026-04-20,2531.212646484375,2545.3424392975157,2513.15764504414,2538.571963483115,2288558
2026-04-21,2561.532958984375,2564.9673069470045,2511.9802240950007,2511.9802240950007,2719959
2026-04-22,2490.88330078125,2531.6048516902206,2456.6380441545243,2531.6048516902206,5232045
2026-04-23,2474.49658203125,2511.489364373728,2469.0997500312283,2481.5614778281533,2509050
2026-04-24,2351.939453125,2458.0118361710306,2343.991534636913,2441.3307179215667,5107719
2026-04-27,2401.6884765625,2412.874541687738,2351.9393059532576,2351.9393059532576,5853425
2026-04-28,2398.8427734375,2440.349366669426,2381.867235359066,2398.155951805419,4508363
2026-04-29,2428.280029296875,2441.2323784506298,2401.688509360205,2405.024637022461,2835961
2026-04-30,2427.4951171875,2444.2744555611544,2392.26861608113,2432.4995485090735,3970446
2026-05-01,2427.4951171875,2427.4951171875,2427.4951171875,2427.4951171875,0
2026-05-04,2385.6943359375,2451.4375668418284,2379.512461835769,2447.2181772447047,2632358
2026-05-05,2381.769287109375,2414.24826083551,2366.952433771704,2384.4185931895904,3385720
2026-05-06,2389.717041015625,2424.6493574491965,2361.359238648924,2396.0951150032492,3147628
2026-05-07,2356.35498046875,2393.9366055534624,2353.018852732181,2392.4647422177254,5829594
2026-05-08,2349.486328125,2361.8500761970836,2330.548544505656,2353.0188960201936,3792199
2026-05-11,2348.014404296875,2369.699953108347,2326.5252955775945,2326.5252955775945,1975188
2026-05-12,2257.151611328125,2330.450360002076,2240.176072372522,2330.450360002076,6347884
2026-05-13,2230.16748046875,2265.8846032931383,2226.4387119283556,2262.7446759395275,3171843
2026-05-14,2203.8701171875,2222.513720137884,2165.012827845418,2222.513720137884,5633313
2026-05-15,2221.5322265625,2261.6649346543286,2209.7573207679993,2209.7573207679993,3410637
2026-05-18,2240.3720703125,2249.8900714309348,2209.953563101145,2221.5322685970373,3773336
2026-05-19,2283.448974609375,2333.0017090765828,2254.0117066090534,2256.857213357978,10394707
2026-05-20,2283.742919921875,2298.06915136111,2274.3231388707036,2280.3085723429836,2537422
2026-05-21,2283.546875,2292.0836345084317,2270.594525446405,2287.275643394801,3299087
2026-05-22,2273.832763671875,2296.106915322829,2264.805382686245,2287.373954930871,2617262
2026-05-25,2295.61328125,2313.415817804508,2280.496215777924,2312.3217190072714,3298364
2026-05-26,2263.78759765625,2315.205623652634,2260.008270887014,2295.613098349941,3587597
2026-05-27,2271.744140625,2283.0821217701528,2248.571147658945,2262.5943570616037,2653950
2026-05-28,2271.744140625,2271.744140625,2271.744140625,2271.744140625,0
2026-05-29,2246.58203125,2321.2726050840133,2222.81245602518,2278.507085795833,16331582
2026-06-01,2284.8720703125,2322.267132829976,2267.5670504720965,2271.5452382799426,7505095
2026-06-02,2433.556884765625,2443.9996279549005,2303.569644295269,2307.34897134468,11306127
2026-06-03,2229.475830078125,2379.9508308808004,2212.6680838914085,2379.9508308808004,15660062
2026-06-04,2228.77978515625,2240.8139007540485,2204.5129359355733,2229.4759194813155,4867263
2026-06-05,2186.9091796875,2259.4117976453776,2180.0469028924485,2250.560184151513,5019717
2026-06-08,2139.668212890625,2165.128711955583,2131.6125282744956,2158.1668832997775,6536734
2026-06-09,2139.2705078125,2162.145087858845,2121.169801728995,2162.145087858845,4148655
2026-06-10,2142.154541015625,2168.907999188303,2133.1043096144995,2139.568864676436,2848650
2026-06-11,2123.95458984375,2142.8509821277357,2098.494090484758,2115.4013888441136,3079815
2026-06-12,2149.61376953125,2156.177876796519,2126.3414670622496,2138.276030955957,2124656
2026-06-15,2150.21044921875,2180.046856932239,2147.525221086398,2180.046856932239,3337083
2026-06-16,2187.0087890625,2196.954258771743,2148.818282502735,2155.183285992923,3079898
2026-06-17,2210.8779296875,2218.8343055028395,2188.6994835403766,2196.9542720106556,2865010
2026-06-18,2191.285400390625,2201.927004470057,2170.101501243751,2196.9542695909468,3735188
2026-06-19,2113.412353515625,2126.341464384191,2048.6672473500757,2093.521413717831,13286502
2026-06-22,2116.197021484375,2145.237743488044,2109.434053749718,2120.5729308842238,4566101
2026-06-23,2048.368896484375,2102.4721508294924,2043.7938836114508,2099.4885101234904,6392736
2026-06-24,2097.49951171875,2109.1356624395376,2049.7612582514666,2049.7612582514666,4747277
2026-06-25,2083.27734375,2136.78401555451,2076.61392807904,2121.965363861958,4738903
2026-06-26,2083.27734375,2083.27734375,2083.27734375,2083.27734375,0
2026-06-29,2086.4599609375,2093.521341445675,2059.706744956766,2078.6031371123327,3412470
2026-06-30,2020.422119140625,2092.8251853118586,2007.791421498655,2078.60311543387,6848411
2026-07-01,1971.788818359375,2040.8104030555382,1966.0205187179013,2028.776408877907,4658295
2026-07-02,2056.82275390625,2065.5745732846704,1991.580373389582,1997.0503819057583,6040621
2026-07-03,2082.083984375,2105.0581154318793,2073.6303355251375,2088.5485393778363,4028819
2026-07-06,2046.3798828125,2081.5867473982344,2039.4180542258837,2078.6031065753987,2567386
2026-07-07,2084.669921875,2111.124724588052,2037.8266642409067,2038.8212111731864,4769048
2026-07-08,2046.2803955078125,2098.1956989000228,2037.6278854106638,2082.5813599967723,3666985
2026-07-09,2038.323974609375,2053.7394523387943,2005.006651774823,2046.280350211656,3791498
2026-07-10,2057.717529296875,2121.666943317309,2053.341620075063,2093.7200783959847,6714551
2026-07-13,2169.604248046875,2192.8765503750355,2053.8390761022306,2063.684994131224,12382622
2026-07-14,2188.60009765625,2215.850586742918,2167.1177865856457,2170.996422535663,9546290
2026-07-15,2189.199951171875,2202.89990234375,2145.39990234375,2174.10009765625,5426489
2026-07-16,2201.0,2231.39990234375,2187.800048828125,2206.0,5197595
2026-07-17,2269.0,2275.0,2215.10009765625,2224.800048828125,5615138
2026-07-20,2251.10009765625,2283.39990234375,2245.10009765625,2280.10009765625,2202693
2026-07-21,2221.10009765625,2259.89990234375,2218.5,2245.10009765625,2382160
2026-07-22,2208.300048828125,2226.800048828125,2201.0,2216.0,1599665
2026-07-23,2242.89990234375,2250.0,2193.60009765625,2204.0,2503539
2026-07-24,2254.300048828125,2264.300048828125,2205.10009765625,2205.10009765625,3211699
